gene,strainCount
CP007547__BD94_0001,18
CP007547__BD94_0002,18
CP007547__BD94_0003,18
CP007547__BD94_0004,18
CP007547__BD94_0005,18
CP007547__BD94_0006,18
CP007547__BD94_0007,18
CP007547__BD94_0008,18
CP007547__BD94_0009,18
CP007547__BD94_0010,18
CP007547__BD94_0011,18
CP007547__BD94_0012,18
CP007547__BD94_0013,18
CP007547__BD94_0014,18
CP007547__BD94_0015,18
CP007547__BD94_0016,18
CP007547__BD94_0017,18
CP007547__BD94_0018,18
CP007547__BD94_0019,18
CP007547__BD94_0020,18
CP007547__BD94_0021,18
CP007547__BD94_0022,18
CP007547__BD94_0023,18
CP007547__BD94_0024,18
CP007547__BD94_0025,18
CP007547__BD94_0026,18
CP007547__BD94_0027,18
CP007547__BD94_0028,18
CP007547__BD94_0029,18
CP007547__BD94_0030,18
CP007547__BD94_0031,18
CP007547__BD94_0032,18
CP007547__BD94_0033,18
CP007547__BD94_0034,18
CP007547__BD94_0035,18
CP007547__BD94_0036,18
CP007547__BD94_0037,18
CP007547__BD94_0038,18
CP007547__BD94_0039,18
CP007547__BD94_0040,18
CP007547__BD94_0041,18
CP007547__BD94_0042,18
CP007547__BD94_0043,18
CP007547__BD94_0044,18
CP007547__BD94_0045,18
CP007547__BD94_0046,18
CP007547__BD94_0047,18
CP007547__BD94_0048,18
CP007547__BD94_0049,18
CP007547__BD94_0050,18
CP007547__BD94_0051,18
CP007547__BD94_0052,18
CP007547__BD94_0053,18
CP007547__BD94_0054,18
CP007547__BD94_0055,18
CP007547__BD94_0056,18
CP007547__BD94_0057,18
CP007547__BD94_0058,18
CP007547__BD94_0059,18
CP007547__BD94_0060,18
CP007547__BD94_0061,18
CP007547__BD94_0062,18
CP007547__BD94_0063,18
CP007547__BD94_0064,18
CP007547__BD94_0065,18
CP007547__BD94_0066,18
CP007547__BD94_0067,18
CP007547__BD94_0068,18
CP007547__BD94_0069,18
CP007547__BD94_0070,18
CP007547__BD94_0071,18
CP007547__BD94_0072,15
CP007547__BD94_0073,18
CP007547__BD94_0074,18
CP007547__BD94_0075,18
CP007547__BD94_0076,18
CP007547__BD94_0077,18
CP007547__BD94_0078,18
CP007547__BD94_0079,18
CP007547__BD94_0080,18
CP007547__BD94_0081,18
CP007547__BD94_0083,18
CP007547__BD94_0084,18
CP007547__BD94_0085,18
CP007547__BD94_0086,18
CP007547__BD94_0087,18
CP007547__BD94_0088,18
CP007547__BD94_0089,18
CP007547__BD94_0090,18
CP007547__BD94_0091,18
CP007547__BD94_0092,18
CP007547__BD94_0093,18
CP007547__BD94_0094,18
CP007547__BD94_0095,18
CP007547__BD94_0096,18
CP007547__BD94_0097,18
CP007547__BD94_0098,18
CP007547__BD94_0099,18
CP007547__BD94_0100,18
CP007547__BD94_0101,18
CP007547__BD94_0102,18
CP007547__BD94_0103,18
CP007547__BD94_0104,18
CP007547__BD94_0105,18
CP007547__BD94_0106,18
CP007547__BD94_0107,18
CP007547__BD94_0108,18
CP007547__BD94_0109,18
CP007547__BD94_0110,18
CP007547__BD94_0111,18
CP007547__BD94_0112,18
CP007547__BD94_0113,18
CP007547__BD94_0114,18
CP007547__BD94_0115,18
CP007547__BD94_0116,18
CP007547__BD94_0117,18
CP007547__BD94_0118,18
CP007547__BD94_0119,18
CP007547__BD94_0120,18
CP007547__BD94_0121,18
CP007547__BD94_0122,18
CP007547__BD94_0123,18
CP007547__BD94_0124,18
CP007547__BD94_0125,18
CP007547__BD94_0126,18
CP007547__BD94_0128,18
CP007547__BD94_0129,18
CP007547__BD94_0130,18
CP007547__BD94_0131,18
CP007547__BD94_0132,18
CP007547__BD94_0133,18
CP007547__BD94_0134,18
CP007547__BD94_0135,18
CP007547__BD94_0136,18
CP007547__BD94_0137,18
CP007547__BD94_0138,18
CP007547__BD94_0139,18
CP007547__BD94_0140,18
CP007547__BD94_0141,18
CP007547__BD94_0142,18
CP007547__BD94_0144,18
CP007547__BD94_0145,18
CP007547__BD94_0146,18
CP007547__BD94_0147,18
CP007547__BD94_0148,18
CP007547__BD94_0149,18
CP007547__BD94_0150,18
CP007547__BD94_0151,18
CP007547__BD94_0152,13
CP007547__BD94_0153,14
CP007547__BD94_0154,18
CP007547__BD94_0155,18
CP007547__BD94_0156,18
CP007547__BD94_0157,18
CP007547__BD94_0158,18
CP007547__BD94_0159,18
CP007547__BD94_0160,18
CP007547__BD94_0161,18
CP007547__BD94_0162,18
CP007547__BD94_0163,18
CP007547__BD94_0164,18
CP007547__BD94_0165,18
CP007547__BD94_0166,18
CP007547__BD94_0167,18
CP007547__BD94_0168,18
CP007547__BD94_0169,18
CP007547__BD94_0170,18
CP007547__BD94_0171,18
CP007547__BD94_0172,18
CP007547__BD94_0173,18
CP007547__BD94_0174,18
CP007547__BD94_0175,18
CP007547__BD94_0176,18
CP007547__BD94_0177,18
CP007547__BD94_0178,18
CP007547__BD94_0179,18
CP007547__BD94_0180,18
CP007547__BD94_0181,18
CP007547__BD94_0182,18
CP007547__BD94_0183,18
CP007547__BD94_0184,18
CP007547__BD94_0185,18
CP007547__BD94_0186,18
CP007547__BD94_0187,18
CP007547__BD94_0188,18
CP007547__BD94_0189,18
CP007547__BD94_0190,18
CP007547__BD94_0191,18
CP007547__BD94_0192,18
CP007547__BD94_0193,18
CP007547__BD94_0194,18
CP007547__BD94_0195,18
CP007547__BD94_0196,18
CP007547__BD94_0197,18
CP007547__BD94_0198,18
CP007547__BD94_0199,18
CP007547__BD94_0200,18
CP007547__BD94_0201,18
CP007547__BD94_0202,18
CP007547__BD94_0203,18
CP007547__BD94_0204,18
CP007547__BD94_0205,18
CP007547__BD94_0206,18
CP007547__BD94_0207,18
CP007547__BD94_0208,18
CP007547__BD94_0209,18
CP007547__BD94_0210,18
CP007547__BD94_0211,18
CP007547__BD94_0212,18
CP007547__BD94_0213,18
CP007547__BD94_0214,18
CP007547__BD94_0215,18
CP007547__BD94_0216,18
CP007547__BD94_0217,18
CP007547__BD94_0218,18
CP007547__BD94_0219,18
CP007547__BD94_0220,18
CP007547__BD94_0221,18
CP007547__BD94_0222,18
CP007547__BD94_0223,18
CP007547__BD94_0224,18
CP007547__BD94_0225,18
CP007547__BD94_0226,18
CP007547__BD94_0227,18
CP007547__BD94_0228,18
CP007547__BD94_0229,18
CP007547__BD94_0230,18
CP007547__BD94_0231,18
CP007547__BD94_0232,18
CP007547__BD94_0233,18
CP007547__BD94_0234,18
CP007547__BD94_0235,18
CP007547__BD94_0236,18
CP007547__BD94_0238,18
CP007547__BD94_0240,18
CP007547__BD94_0241,18
CP007547__BD94_0242,18
CP007547__BD94_0244,18
CP007547__BD94_0245,18
CP007547__BD94_0246,18
CP007547__BD94_0247,18
CP007547__BD94_0248,18
CP007547__BD94_0249,18
CP007547__BD94_0250,18
CP007547__BD94_0251,18
CP007547__BD94_0252,18
CP007547__BD94_0253,18
CP007547__BD94_0254,18
CP007547__BD94_0255,18
CP007547__BD94_0256,18
CP007547__BD94_0257,18
CP007547__BD94_0258,18
CP007547__BD94_0259,18
CP007547__BD94_0260,18
CP007547__BD94_0261,18
CP007547__BD94_0262,18
CP007547__BD94_0263,18
CP007547__BD94_0264,18
CP007547__BD94_0265,18
CP007547__BD94_0266,18
CP007547__BD94_0267,18
CP007547__BD94_0268,18
CP007547__BD94_0269,18
CP007547__BD94_0270,18
CP007547__BD94_0271,18
CP007547__BD94_0272,18
CP007547__BD94_0273,18
CP007547__BD94_0274,18
CP007547__BD94_0275,18
CP007547__BD94_0276,18
CP007547__BD94_0277,18
CP007547__BD94_0278,18
CP007547__BD94_0279,18
CP007547__BD94_0280,18
CP007547__BD94_0281,18
CP007547__BD94_0282,18
CP007547__BD94_0283,18
CP007547__BD94_0284,18
CP007547__BD94_0285,18
CP007547__BD94_0286,18
CP007547__BD94_0287,18
CP007547__BD94_0288,18
CP007547__BD94_0289,18
CP007547__BD94_0290,18
CP007547__BD94_0291,18
CP007547__BD94_0292,18
CP007547__BD94_0293,18
CP007547__BD94_0294,18
CP007547__BD94_0295,18
CP007547__BD94_0296,18
CP007547__BD94_0297,18
CP007547__BD94_0298,18
CP007547__BD94_0299,18
CP007547__BD94_0300,18
CP007547__BD94_0301,18
CP007547__BD94_0302,18
CP007547__BD94_0303,18
CP007547__BD94_0304,18
CP007547__BD94_0305,18
CP007547__BD94_0306,18
CP007547__BD94_0307,18
CP007547__BD94_0308,18
CP007547__BD94_0309,18
CP007547__BD94_0310,18
CP007547__BD94_0311,18
CP007547__BD94_0312,18
CP007547__BD94_0313,18
CP007547__BD94_0314,18
CP007547__BD94_0315,18
CP007547__BD94_0316,18
CP007547__BD94_0317,18
CP007547__BD94_0318,18
CP007547__BD94_0319,18
CP007547__BD94_0320,18
CP007547__BD94_0321,18
CP007547__BD94_0322,18
CP007547__BD94_0323,18
CP007547__BD94_0324,18
CP007547__BD94_0325,18
CP007547__BD94_0326,18
CP007547__BD94_0327,18
CP007547__BD94_0328,18
CP007547__BD94_0329,18
CP007547__BD94_0330,18
CP007547__BD94_0331,18
CP007547__BD94_0332,18
CP007547__BD94_0333,18
CP007547__BD94_0334,18
CP007547__BD94_0335,18
CP007547__BD94_0336,18
CP007547__BD94_0337,18
CP007547__BD94_0338,18
CP007547__BD94_0339,18
CP007547__BD94_0340,18
CP007547__BD94_0341,18
CP007547__BD94_0342,18
CP007547__BD94_0343,18
CP007547__BD94_0347,18
CP007547__BD94_0348,18
CP007547__BD94_0349,18
CP007547__BD94_0350,18
CP007547__BD94_0351,18
CP007547__BD94_0352,18
CP007547__BD94_0354,18
CP007547__BD94_0355,18
CP007547__BD94_0356,18
CP007547__BD94_0357,18
CP007547__BD94_0358,18
CP007547__BD94_0359,18
CP007547__BD94_0360,18
CP007547__BD94_0361,18
CP007547__BD94_0363,18
CP007547__BD94_0364,18
CP007547__BD94_0365,18
CP007547__BD94_0366,18
CP007547__BD94_0367,18
CP007547__BD94_0368,18
CP007547__BD94_0369,18
CP007547__BD94_0370,18
CP007547__BD94_0371,18
CP007547__BD94_0372,18
CP007547__BD94_0373,18
CP007547__BD94_0374,18
CP007547__BD94_0375,18
CP007547__BD94_0376,18
CP007547__BD94_0377,18
CP007547__BD94_0378,18
CP007547__BD94_0379,18
CP007547__BD94_0380,18
CP007547__BD94_0381,18
CP007547__BD94_0382,18
CP007547__BD94_0383,18
CP007547__BD94_0384,18
CP007547__BD94_0385,18
CP007547__BD94_0386,18
CP007547__BD94_0387,18
CP007547__BD94_0388,18
CP007547__BD94_0389,18
CP007547__BD94_0390,18
CP007547__BD94_0391,18
CP007547__BD94_0392,18
CP007547__BD94_0393,18
CP007547__BD94_0394,18
CP007547__BD94_0395,18
CP007547__BD94_0396,18
CP007547__BD94_0397,18
CP007547__BD94_0398,18
CP007547__BD94_0399,18
CP007547__BD94_0400,18
CP007547__BD94_0401,18
CP007547__BD94_0402,18
CP007547__BD94_0403,18
CP007547__BD94_0404,18
CP007547__BD94_0405,18
CP007547__BD94_0406,18
CP007547__BD94_0407,18
CP007547__BD94_0408,18
CP007547__BD94_0409,18
CP007547__BD94_0410,18
CP007547__BD94_0411,18
CP007547__BD94_0412,18
CP007547__BD94_0413,18
CP007547__BD94_0414,18
CP007547__BD94_0415,18
CP007547__BD94_0416,18
CP007547__BD94_0417,18
CP007547__BD94_0418,18
CP007547__BD94_0419,18
CP007547__BD94_0420,18
CP007547__BD94_0421,18
CP007547__BD94_0422,18
CP007547__BD94_0423,18
CP007547__BD94_0424,18
CP007547__BD94_0425,18
CP007547__BD94_0426,18
CP007547__BD94_0427,18
CP007547__BD94_0428,18
CP007547__BD94_0429,18
CP007547__BD94_0430,18
CP007547__BD94_0431,18
CP007547__BD94_0432,18
CP007547__BD94_0433,18
CP007547__BD94_0434,18
CP007547__BD94_0435,18
CP007547__BD94_0436,18
CP007547__BD94_0438,18
CP007547__BD94_0439,18
CP007547__BD94_0440,18
CP007547__BD94_0441,18
CP007547__BD94_0442,18
CP007547__BD94_0443,18
CP007547__BD94_0444,18
CP007547__BD94_0445,18
CP007547__BD94_0446,18
CP007547__BD94_0447,18
CP007547__BD94_0448,18
CP007547__BD94_0449,18
CP007547__BD94_0450,18
CP007547__BD94_0451,18
CP007547__BD94_0452,18
CP007547__BD94_0453,18
CP007547__BD94_0454,18
CP007547__BD94_0455,18
CP007547__BD94_0456,18
CP007547__BD94_0457,18
CP007547__BD94_0458,18
CP007547__BD94_0459,18
CP007547__BD94_0460,18
CP007547__BD94_0461,18
CP007547__BD94_0462,18
CP007547__BD94_0463,18
CP007547__BD94_0464,18
CP007547__BD94_0465,18
CP007547__BD94_0466,18
CP007547__BD94_0467,18
CP007547__BD94_0468,18
CP007547__BD94_0469,18
CP007547__BD94_0470,18
CP007547__BD94_0471,18
CP007547__BD94_0472,18
CP007547__BD94_0473,18
CP007547__BD94_0474,18
CP007547__BD94_0475,18
CP007547__BD94_0476,18
CP007547__BD94_0477,18
CP007547__BD94_0478,18
CP007547__BD94_0479,18
CP007547__BD94_0480,18
CP007547__BD94_0481,18
CP007547__BD94_0482,18
CP007547__BD94_0483,18
CP007547__BD94_0484,18
CP007547__BD94_0485,18
CP007547__BD94_0486,18
CP007547__BD94_0487,18
CP007547__BD94_0488,18
CP007547__BD94_0489,18
CP007547__BD94_0490,18
CP007547__BD94_0491,18
CP007547__BD94_0492,18
CP007547__BD94_0493,18
CP007547__BD94_0494,18
CP007547__BD94_0495,18
CP007547__BD94_0496,18
CP007547__BD94_0497,18
CP007547__BD94_0498,18
CP007547__BD94_0499,18
CP007547__BD94_0500,18
CP007547__BD94_0501,18
CP007547__BD94_0502,18
CP007547__BD94_0503,18
CP007547__BD94_0504,18
CP007547__BD94_0505,18
CP007547__BD94_0506,18
CP007547__BD94_0507,18
CP007547__BD94_0508,18
CP007547__BD94_0509,18
CP007547__BD94_0510,18
CP007547__BD94_0511,18
CP007547__BD94_0512,18
CP007547__BD94_0513,18
CP007547__BD94_0514,18
CP007547__BD94_0515,18
CP007547__BD94_0516,18
CP007547__BD94_0517,18
CP007547__BD94_0518,18
CP007547__BD94_0519,18
CP007547__BD94_0520,18
CP007547__BD94_0521,18
CP007547__BD94_0522,18
CP007547__BD94_0523,18
CP007547__BD94_0524,18
CP007547__BD94_0525,18
CP007547__BD94_0526,18
CP007547__BD94_0527,18
CP007547__BD94_0528,18
CP007547__BD94_0529,18
CP007547__BD94_0530,18
CP007547__BD94_0531,18
CP007547__BD94_0532,18
CP007547__BD94_0533,18
CP007547__BD94_0534,18
CP007547__BD94_0535,18
CP007547__BD94_0536,18
CP007547__BD94_0537,18
CP007547__BD94_0538,18
CP007547__BD94_0539,18
CP007547__BD94_0540,18
CP007547__BD94_0541,18
CP007547__BD94_0542,18
CP007547__BD94_0543,18
CP007547__BD94_0545,18
CP007547__BD94_0548,18
CP007547__BD94_0549,18
CP007547__BD94_0550,18
CP007547__BD94_0551,18
CP007547__BD94_0552,18
CP007547__BD94_0553,18
CP007547__BD94_0554,18
CP007547__BD94_0555,18
CP007547__BD94_0556,18
CP007547__BD94_0557,18
CP007547__BD94_0558,18
CP007547__BD94_0559,18
CP007547__BD94_0560,18
CP007547__BD94_0561,18
CP007547__BD94_0562,18
CP007547__BD94_0563,18
CP007547__BD94_0564,18
CP007547__BD94_0565,18
CP007547__BD94_0566,18
CP007547__BD94_0567,18
CP007547__BD94_0568,18
CP007547__BD94_0569,18
CP007547__BD94_0570,18
CP007547__BD94_0571,18
CP007547__BD94_0572,18
CP007547__BD94_0573,18
CP007547__BD94_0574,18
CP007547__BD94_0575,18
CP007547__BD94_0576,18
CP007547__BD94_0577,18
CP007547__BD94_0578,18
CP007547__BD94_0579,18
CP007547__BD94_0580,18
CP007547__BD94_0581,18
CP007547__BD94_0582,18
CP007547__BD94_0583,18
CP007547__BD94_0584,18
CP007547__BD94_0585,18
CP007547__BD94_0586,18
CP007547__BD94_0587,18
CP007547__BD94_0588,18
CP007547__BD94_0673,18
CP007547__BD94_0674,18
CP007547__BD94_0675,18
CP007547__BD94_0676,18
CP007547__BD94_0677,18
CP007547__BD94_0678,18
CP007547__BD94_0679,18
CP007547__BD94_0680,18
CP007547__BD94_0681,18
CP007547__BD94_0682,18
CP007547__BD94_0683,18
CP007547__BD94_0684,18
CP007547__BD94_0685,18
CP007547__BD94_0686,18
CP007547__BD94_0687,18
CP007547__BD94_0688,18
CP007547__BD94_0689,18
CP007547__BD94_0690,18
CP007547__BD94_0691,18
CP007547__BD94_0692,18
CP007547__BD94_0693,18
CP007547__BD94_0694,18
CP007547__BD94_0695,18
CP007547__BD94_0696,18
CP007547__BD94_0697,18
CP007547__BD94_0698,18
CP007547__BD94_0699,18
CP007547__BD94_0700,18
CP007547__BD94_0701,18
CP007547__BD94_0702,18
CP007547__BD94_0703,18
CP007547__BD94_0704,18
CP007547__BD94_0705,18
CP007547__BD94_0706,18
CP007547__BD94_0707,18
CP007547__BD94_0708,18
CP007547__BD94_0709,18
CP007547__BD94_0710,18
CP007547__BD94_0711,18
CP007547__BD94_0712,18
CP007547__BD94_0713,18
CP007547__BD94_0714,18
CP007547__BD94_0715,18
CP007547__BD94_0716,18
CP007547__BD94_0717,18
CP007547__BD94_0718,18
CP007547__BD94_0719,18
CP007547__BD94_0720,18
CP007547__BD94_0721,18
CP007547__BD94_0722,18
CP007547__BD94_0723,18
CP007547__BD94_0724,18
CP007547__BD94_0725,18
CP007547__BD94_0726,18
CP007547__BD94_0728,15
CP007547__BD94_0729,18
CP007547__BD94_0730,18
CP007547__BD94_0731,18
CP007547__BD94_0732,18
CP007547__BD94_0733,18
CP007547__BD94_0734,18
CP007547__BD94_0735,18
CP007547__BD94_0736,18
CP007547__BD94_0737,18
CP007547__BD94_0738,18
CP007547__BD94_0739,18
CP007547__BD94_0740,18
CP007547__BD94_0741,18
CP007547__BD94_0742,18
CP007547__BD94_0743,18
CP007547__BD94_0744,18
CP007547__BD94_0745,18
CP007547__BD94_0746,18
CP007547__BD94_0747,18
CP007547__BD94_0748,18
CP007547__BD94_0749,18
CP007547__BD94_0750,18
CP007547__BD94_0751,18
CP007547__BD94_0752,18
CP007547__BD94_0753,18
CP007547__BD94_0754,18
CP007547__BD94_0755,18
CP007547__BD94_0756,18
CP007547__BD94_0757,18
CP007547__BD94_0758,18
CP007547__BD94_0759,18
CP007547__BD94_0760,18
CP007547__BD94_0761,18
CP007547__BD94_0762,18
CP007547__BD94_0763,18
CP007547__BD94_0764,18
CP007547__BD94_0765,18
CP007547__BD94_0766,18
CP007547__BD94_0767,18
CP007547__BD94_0768,18
CP007547__BD94_0769,18
CP007547__BD94_0770,18
CP007547__BD94_0771,18
CP007547__BD94_0772,18
CP007547__BD94_0773,18
CP007547__BD94_0774,18
CP007547__BD94_0775,18
CP007547__BD94_0776,18
CP007547__BD94_0777,18
CP007547__BD94_0778,18
CP007547__BD94_0779,18
CP007547__BD94_0780,18
CP007547__BD94_0781,18
CP007547__BD94_0782,18
CP007547__BD94_0783,18
CP007547__BD94_0784,18
CP007547__BD94_0785,18
CP007547__BD94_0786,18
CP007547__BD94_0787,18
CP007547__BD94_0788,18
CP007547__BD94_0789,18
CP007547__BD94_0790,18
CP007547__BD94_0791,18
CP007547__BD94_0792,18
CP007547__BD94_0793,18
CP007547__BD94_0794,18
CP007547__BD94_0795,18
CP007547__BD94_0796,18
CP007547__BD94_0797,18
CP007547__BD94_0798,18
CP007547__BD94_0799,18
CP007547__BD94_0800,18
CP007547__BD94_0801,18
CP007547__BD94_0802,18
CP007547__BD94_0803,18
CP007547__BD94_0804,18
CP007547__BD94_0805,18
CP007547__BD94_0806,18
CP007547__BD94_0807,18
CP007547__BD94_0808,18
CP007547__BD94_0809,18
CP007547__BD94_0810,18
CP007547__BD94_0811,18
CP007547__BD94_0812,18
CP007547__BD94_0813,18
CP007547__BD94_0814,18
CP007547__BD94_0815,18
CP007547__BD94_0816,18
CP007547__BD94_0817,18
CP007547__BD94_0818,18
CP007547__BD94_0819,18
CP007547__BD94_0820,18
CP007547__BD94_0821,18
CP007547__BD94_0822,18
CP007547__BD94_0823,18
CP007547__BD94_0824,18
CP007547__BD94_0825,18
CP007547__BD94_0826,18
CP007547__BD94_0827,18
CP007547__BD94_0828,18
CP007547__BD94_0829,18
CP007547__BD94_0830,18
CP007547__BD94_0831,18
CP007547__BD94_0832,18
CP007547__BD94_0833,18
CP007547__BD94_0834,18
CP007547__BD94_0835,18
CP007547__BD94_0836,18
CP007547__BD94_0837,18
CP007547__BD94_0838,18
CP007547__BD94_0839,18
CP007547__BD94_0840,18
CP007547__BD94_0841,18
CP007547__BD94_0842,18
CP007547__BD94_0843,18
CP007547__BD94_0844,18
CP007547__BD94_0845,18
CP007547__BD94_0846,18
CP007547__BD94_0854,18
CP007547__BD94_0855,18
CP007547__BD94_0857,18
CP007547__BD94_0858,18
CP007547__BD94_0859,18
CP007547__BD94_0860,18
CP007547__BD94_0861,18
CP007547__BD94_0862,18
CP007547__BD94_0863,18
CP007547__BD94_0866,14
CP007547__BD94_0867,18
CP007547__BD94_0868,18
CP007547__BD94_0869,18
CP007547__BD94_0870,18
CP007547__BD94_0871,18
CP007547__BD94_0872,18
CP007547__BD94_0873,18
CP007547__BD94_0874,18
CP007547__BD94_0875,18
CP007547__BD94_0876,18
CP007547__BD94_0877,18
CP007547__BD94_0878,18
CP007547__BD94_0879,18
CP007547__BD94_0880,18
CP007547__BD94_0881,18
CP007547__BD94_0882,18
CP007547__BD94_0883,18
CP007547__BD94_0884,18
CP007547__BD94_0885,18
CP007547__BD94_0886,18
CP007547__BD94_0887,18
CP007547__BD94_0888,15
CP007547__BD94_0889,14
CP007547__BD94_0890,14
CP007547__BD94_0891,14
CP007547__BD94_0892,14
CP007547__BD94_0893,14
CP007547__BD94_0894,14
CP007547__BD94_0895,14
CP007547__BD94_0896,14
CP007547__BD94_0897,14
CP007547__BD94_0898,14
CP007547__BD94_0899,14
CP007547__BD94_0900,14
CP007547__BD94_0901,14
CP007547__BD94_0902,14
CP007547__BD94_0903,14
CP007547__BD94_0904,14
CP007547__BD94_0905,14
CP007547__BD94_0906,14
CP007547__BD94_0907,14
CP007547__BD94_0908,14
CP007547__BD94_0910,14
CP007547__BD94_0911,8
CP007547__BD94_0912,14
CP007547__BD94_0913,14
CP007547__BD94_0914,14
CP007547__BD94_0915,14
CP007547__BD94_0916,14
CP007547__BD94_0917,14
CP007547__BD94_0918,14
CP007547__BD94_0919,14
CP007547__BD94_0920,14
CP007547__BD94_0921,14
CP007547__BD94_0922,14
CP007547__BD94_0923,14
CP007547__BD94_0924,14
CP007547__BD94_0925,14
CP007547__BD94_0926,14
CP007547__BD94_0927,14
CP007547__BD94_0928,14
CP007547__BD94_0929,14
CP007547__BD94_0930,14
CP007547__BD94_0931,14
CP007547__BD94_0932,14
CP007547__BD94_0933,14
CP007547__BD94_0934,14
CP007547__BD94_0935,14
CP007547__BD94_0936,14
CP007547__BD94_0937,14
CP007547__BD94_0938,14
CP007547__BD94_0939,14
CP007547__BD94_0940,14
CP007547__BD94_0941,14
CP007547__BD94_0942,14
CP007547__BD94_0943,14
CP007547__BD94_0944,14
CP007547__BD94_0945,14
CP007547__BD94_0946,14
CP007547__BD94_0947,14
CP007547__BD94_0948,18
CP007547__BD94_0949,14
CP007547__BD94_0950,14
CP007547__BD94_0951,14
CP007547__BD94_0952,14
CP007547__BD94_0953,14
CP007547__BD94_0954,14
CP007547__BD94_0955,14
CP007547__BD94_0956,14
CP007547__BD94_0957,14
CP007547__BD94_0958,14
CP007547__BD94_0961,14
CP007547__BD94_0962,14
CP007547__BD94_0963,14
CP007547__BD94_0964,18
CP007547__BD94_0965,18
CP007547__BD94_0966,18
CP007547__BD94_0967,18
CP007547__BD94_0968,18
CP007547__BD94_0969,18
CP007547__BD94_0970,18
CP007547__BD94_0971,18
CP007547__BD94_0972,18
CP007547__BD94_0973,18
CP007547__BD94_0974,18
CP007547__BD94_0975,18
CP007547__BD94_0976,18
CP007547__BD94_0977,18
CP007547__BD94_0978,18
CP007547__BD94_0979,18
CP007547__BD94_0980,18
CP007547__BD94_0981,18
CP007547__BD94_0982,18
CP007547__BD94_0983,18
CP007547__BD94_0984,18
CP007547__BD94_0985,18
CP007547__BD94_0986,18
CP007547__BD94_0987,18
CP007547__BD94_0988,18
CP007547__BD94_0989,18
CP007547__BD94_0990,18
CP007547__BD94_0991,18
CP007547__BD94_0992,18
CP007547__BD94_0993,18
CP007547__BD94_0994,18
CP007547__BD94_0995,18
CP007547__BD94_0996,18
CP007547__BD94_0997,18
CP007547__BD94_0998,18
CP007547__BD94_0999,18
CP007547__BD94_1000,18
CP007547__BD94_1001,18
CP007547__BD94_1002,18
CP007547__BD94_1003,18
CP007547__BD94_1004,18
CP007547__BD94_1005,18
CP007547__BD94_1006,18
CP007547__BD94_1008,18
CP007547__BD94_1009,18
CP007547__BD94_1010,18
CP007547__BD94_1011,18
CP007547__BD94_1012,18
CP007547__BD94_1013,18
CP007547__BD94_1014,18
CP007547__BD94_1015,18
CP007547__BD94_1016,18
CP007547__BD94_1017,18
CP007547__BD94_1018,18
CP007547__BD94_1019,18
CP007547__BD94_1020,18
CP007547__BD94_1021,18
CP007547__BD94_1022,18
CP007547__BD94_1023,18
CP007547__BD94_1024,18
CP007547__BD94_1025,18
CP007547__BD94_1026,18
CP007547__BD94_1027,18
CP007547__BD94_1030,18
CP007547__BD94_1036,18
CP007547__BD94_1038,18
CP007547__BD94_1039,18
CP007547__BD94_1040,18
CP007547__BD94_1041,18
CP007547__BD94_1042,18
CP007547__BD94_1043,18
CP007547__BD94_1044,18
CP007547__BD94_1045,18
CP007547__BD94_1046,18
CP007547__BD94_1047,18
CP007547__BD94_1048,18
CP007547__BD94_1049,18
CP007547__BD94_1050,18
CP007547__BD94_1051,18
CP007547__BD94_1052,18
CP007547__BD94_1053,18
CP007547__BD94_1054,18
CP007547__BD94_1055,18
CP007547__BD94_1056,18
CP007547__BD94_1057,18
CP007547__BD94_1058,18
CP007547__BD94_1059,18
CP007547__BD94_1060,18
CP007547__BD94_1061,18
CP007547__BD94_1062,18
CP007547__BD94_1063,18
CP007547__BD94_1064,18
CP007547__BD94_1065,18
CP007547__BD94_1066,18
CP007547__BD94_1067,18
CP007547__BD94_1068,18
CP007547__BD94_1069,18
CP007547__BD94_1070,18
CP007547__BD94_1071,18
CP007547__BD94_1072,18
CP007547__BD94_1073,18
CP007547__BD94_1074,18
CP007547__BD94_1075,18
CP007547__BD94_1076,18
CP007547__BD94_1077,18
CP007547__BD94_1078,18
CP007547__BD94_1079,18
CP007547__BD94_1080,18
CP007547__BD94_1081,18
CP007547__BD94_1082,18
CP007547__BD94_1083,18
CP007547__BD94_1084,18
CP007547__BD94_1085,18
CP007547__BD94_1086,18
CP007547__BD94_1087,18
CP007547__BD94_1088,18
CP007547__BD94_1089,18
CP007547__BD94_1090,18
CP007547__BD94_1091,18
CP007547__BD94_1092,18
CP007547__BD94_1093,18
CP007547__BD94_1094,18
CP007547__BD94_1095,18
CP007547__BD94_1096,18
CP007547__BD94_1097,18
CP007547__BD94_1098,18
CP007547__BD94_1099,18
CP007547__BD94_1101,18
CP007547__BD94_1105,18
CP007547__BD94_1106,18
CP007547__BD94_1107,18
CP007547__BD94_1108,18
CP007547__BD94_1109,18
CP007547__BD94_1110,18
CP007547__BD94_1111,18
CP007547__BD94_1112,18
CP007547__BD94_1113,18
CP007547__BD94_1114,18
CP007547__BD94_1115,18
CP007547__BD94_1116,18
CP007547__BD94_1117,18
CP007547__BD94_1118,18
CP007547__BD94_1119,18
CP007547__BD94_1122,18
CP007547__BD94_1123,18
CP007547__BD94_1124,18
CP007547__BD94_1125,18
CP007547__BD94_1126,18
CP007547__BD94_1127,18
CP007547__BD94_1128,18
CP007547__BD94_1129,18
CP007547__BD94_1130,18
CP007547__BD94_1131,18
CP007547__BD94_1132,18
CP007547__BD94_1133,18
CP007547__BD94_1134,18
CP007547__BD94_1135,18
CP007547__BD94_1136,18
CP007547__BD94_1137,18
CP007547__BD94_1138,18
CP007547__BD94_1139,18
CP007547__BD94_1140,18
CP007547__BD94_1141,18
CP007547__BD94_1142,18
CP007547__BD94_1143,18
CP007547__BD94_1144,18
CP007547__BD94_1145,18
CP007547__BD94_1146,18
CP007547__BD94_1147,18
CP007547__BD94_1148,18
CP007547__BD94_1149,18
CP007547__BD94_1150,18
CP007547__BD94_1151,18
CP007547__BD94_1152,18
CP007547__BD94_1153,18
CP007547__BD94_1154,18
CP007547__BD94_1155,18
CP007547__BD94_1156,18
CP007547__BD94_1157,18
CP007547__BD94_1158,18
CP007547__BD94_1159,18
CP007547__BD94_1160,18
CP007547__BD94_1161,18
CP007547__BD94_1162,18
CP007547__BD94_1163,18
CP007547__BD94_1164,18
CP007547__BD94_1165,18
CP007547__BD94_1166,18
CP007547__BD94_1167,18
CP007547__BD94_1168,18
CP007547__BD94_1169,18
CP007547__BD94_1170,18
CP007547__BD94_1171,18
CP007547__BD94_1172,18
CP007547__BD94_1173,18
CP007547__BD94_1174,18
CP007547__BD94_1175,18
CP007547__BD94_1176,18
CP007547__BD94_1177,18
CP007547__BD94_1178,18
CP007547__BD94_1179,18
CP007547__BD94_1180,18
CP007547__BD94_1181,18
CP007547__BD94_1182,18
CP007547__BD94_1183,18
CP007547__BD94_1184,18
CP007547__BD94_1185,18
CP007547__BD94_1186,18
CP007547__BD94_1187,18
CP007547__BD94_1188,18
CP007547__BD94_1189,18
CP007547__BD94_1190,18
CP007547__BD94_1191,18
CP007547__BD94_1192,18
CP007547__BD94_1193,18
CP007547__BD94_1194,18
CP007547__BD94_1195,18
CP007547__BD94_1196,18
CP007547__BD94_1197,18
CP007547__BD94_1198,18
CP007547__BD94_1199,18
CP007547__BD94_1201,18
CP007547__BD94_1202,18
CP007547__BD94_1203,18
CP007547__BD94_1204,18
CP007547__BD94_1205,18
CP007547__BD94_1206,18
CP007547__BD94_1207,18
CP007547__BD94_1208,18
CP007547__BD94_1209,18
CP007547__BD94_1210,18
CP007547__BD94_1211,18
CP007547__BD94_1212,18
CP007547__BD94_1213,18
CP007547__BD94_1214,18
CP007547__BD94_1215,18
CP007547__BD94_1216,18
CP007547__BD94_1217,18
CP007547__BD94_1218,18
CP007547__BD94_1219,3
CP007547__BD94_1220,18
CP007547__BD94_1221,18
CP007547__BD94_1222,18
CP007547__BD94_1223,18
CP007547__BD94_1224,18
CP007547__BD94_1225,18
CP007547__BD94_1226,18
CP007547__BD94_1227,18
CP007547__BD94_1228,18
CP007547__BD94_1229,18
CP007547__BD94_1230,18
CP007547__BD94_1231,18
CP007547__BD94_1232,18
CP007547__BD94_1233,18
CP007547__BD94_1234,18
CP007547__BD94_1235,18
CP007547__BD94_1236,18
CP007547__BD94_1237,18
CP007547__BD94_1238,18
CP007547__BD94_1239,18
CP007547__BD94_1240,18
CP007547__BD94_1241,18
CP007547__BD94_1242,18
CP007547__BD94_1243,18
CP007547__BD94_1244,18
CP007547__BD94_1245,18
CP007547__BD94_1246,18
CP007547__BD94_1247,18
CP007547__BD94_1248,18
CP007547__BD94_1249,18
CP007547__BD94_1250,18
CP007547__BD94_1251,18
CP007547__BD94_1252,18
CP007547__BD94_1253,18
CP007547__BD94_1254,18
CP007547__BD94_1255,18
CP007547__BD94_1256,15
CP007547__BD94_1257,18
CP007547__BD94_1258,18
CP007547__BD94_1259,18
CP007547__BD94_1260,18
CP007547__BD94_1261,18
CP007547__BD94_1262,18
CP007547__BD94_1263,18
CP007547__BD94_1264,18
CP007547__BD94_1265,18
CP007547__BD94_1266,18
CP007547__BD94_1267,18
CP007547__BD94_1268,18
CP007547__BD94_1269,18
CP007547__BD94_1270,18
CP007547__BD94_1271,18
CP007547__BD94_1272,18
CP007547__BD94_1273,18
CP007547__BD94_1274,18
CP007547__BD94_1275,18
CP007547__BD94_1276,18
CP007547__BD94_1277,18
CP007547__BD94_1278,18
CP007547__BD94_1279,18
CP007547__BD94_1280,18
CP007547__BD94_1281,18
CP007547__BD94_1282,18
CP007547__BD94_1283,18
CP007547__BD94_1284,18
CP007547__BD94_1285,18
CP007547__BD94_1286,18
CP007547__BD94_1287,18
CP007547__BD94_1288,18
CP007547__BD94_1289,18
CP007547__BD94_1290,18
CP007547__BD94_1291,18
CP007547__BD94_1292,18
CP007547__BD94_1293,18
CP007547__BD94_1294,18
CP007547__BD94_1295,18
CP007547__BD94_1296,18
CP007547__BD94_1297,16
CP007547__BD94_1299,18
CP007547__BD94_1300,18
CP007547__BD94_1301,18
CP007547__BD94_1302,18
CP007547__BD94_1303,18
CP007547__BD94_1304,18
CP007547__BD94_1305,18
CP007547__BD94_1306,18
CP007547__BD94_1307,18
CP007547__BD94_1308,18
CP007547__BD94_1309,18
CP007547__BD94_1310,18
CP007547__BD94_1311,18
CP007547__BD94_1312,18
CP007547__BD94_1313,18
CP007547__BD94_1314,18
CP007547__BD94_1315,18
CP007547__BD94_1316,18
CP007547__BD94_1317,18
CP007547__BD94_1318,18
CP007547__BD94_1319,18
CP007547__BD94_1320,18
CP007547__BD94_1321,18
CP007547__BD94_1322,18
CP007547__BD94_1323,18
CP007547__BD94_1324,18
CP007547__BD94_1325,18
CP007547__BD94_1326,18
CP007547__BD94_1327,18
CP007547__BD94_1328,18
CP007547__BD94_1329,18
CP007547__BD94_1330,18
CP007547__BD94_1331,18
CP007547__BD94_1332,18
CP007547__BD94_1333,18
CP007547__BD94_1334,18
CP007547__BD94_1335,18
CP007547__BD94_1336,18
CP007547__BD94_1337,18
CP007547__BD94_1338,18
CP007547__BD94_1339,18
CP007547__BD94_1340,18
CP007547__BD94_1342,18
CP007547__BD94_1343,18
CP007547__BD94_1344,18
CP007547__BD94_1345,18
CP007547__BD94_1346,18
CP007547__BD94_1347,18
CP007547__BD94_1348,18
CP007547__BD94_1349,13
CP007547__BD94_1350,18
CP007547__BD94_1352,18
CP007547__BD94_1353,18
CP007547__BD94_1354,18
CP007547__BD94_1355,18
CP007547__BD94_1356,18
CP007547__BD94_1357,18
CP007547__BD94_1358,18
CP007547__BD94_1359,18
CP007547__BD94_1360,18
CP007547__BD94_1361,18
CP007547__BD94_1362,18
CP007547__BD94_1363,18
CP007547__BD94_1364,18
CP007547__BD94_1365,18
CP007547__BD94_1366,18
CP007547__BD94_1367,18
CP007547__BD94_1368,18
CP007547__BD94_1369,18
CP007547__BD94_1370,18
CP007547__BD94_1371,18
CP007547__BD94_1372,18
CP007547__BD94_1373,18
CP007547__BD94_1374,18
CP007547__BD94_1375,18
CP007547__BD94_1376,18
CP007547__BD94_1377,18
CP007547__BD94_1378,18
CP007547__BD94_1379,18
CP007547__BD94_1380,18
CP007547__BD94_1381,18
CP007547__BD94_1382,18
CP007547__BD94_1383,18
CP007547__BD94_1384,18
CP007547__BD94_1388,18
CP007547__BD94_1391,18
CP007547__BD94_1392,18
CP007547__BD94_1393,18
CP007547__BD94_1394,18
CP007547__BD94_1395,18
CP007547__BD94_1396,18
CP007547__BD94_1397,18
CP007547__BD94_1398,18
CP007547__BD94_1399,18
CP007547__BD94_1400,18
CP007547__BD94_1401,18
CP007547__BD94_1402,18
CP007547__BD94_1403,18
CP007547__BD94_1404,18
CP007547__BD94_1405,18
CP007547__BD94_1406,18
CP007547__BD94_1407,18
CP007547__BD94_1408,18
CP007547__BD94_1409,18
CP007547__BD94_1410,18
CP007547__BD94_1411,18
CP007547__BD94_1412,18
CP007547__BD94_1413,18
CP007547__BD94_1414,18
CP007547__BD94_1415,18
CP007547__BD94_1416,18
CP007547__BD94_1417,18
CP007547__BD94_1418,18
CP007547__BD94_1419,18
CP007547__BD94_1420,18
CP007547__BD94_1421,18
CP007547__BD94_1422,18
CP007547__BD94_1423,18
CP007547__BD94_1424,18
CP007547__BD94_1425,18
CP007547__BD94_1426,18
CP007547__BD94_1427,18
CP007547__BD94_1428,18
CP007547__BD94_1429,18
CP007547__BD94_1430,18
CP007547__BD94_1431,18
CP007547__BD94_1432,18
CP007547__BD94_1433,18
CP007547__BD94_1434,18
CP007547__BD94_1435,18
CP007547__BD94_1436,18
CP007547__BD94_1437,18
CP007547__BD94_1438,18
CP007547__BD94_1439,18
CP007547__BD94_1440,18
CP007547__BD94_1441,18
CP007547__BD94_1442,18
CP007547__BD94_1443,18
CP007547__BD94_1444,18
CP007547__BD94_1445,18
CP007547__BD94_1446,18
CP007547__BD94_1447,18
CP007547__BD94_1448,18
CP007547__BD94_1449,18
CP007547__BD94_1450,18
CP007547__BD94_1681,18
CP007547__BD94_1682,18
CP007547__BD94_1683,18
CP007547__BD94_1684,18
CP007547__BD94_1685,18
CP007547__BD94_1686,18
CP007547__BD94_1687,18
CP007547__BD94_1688,18
CP007547__BD94_1689,18
CP007547__BD94_1690,18
CP007547__BD94_1691,18
CP007547__BD94_1692,18
CP007547__BD94_1693,18
CP007547__BD94_1694,18
CP007547__BD94_1695,18
CP007547__BD94_1696,18
CP007547__BD94_1697,18
CP007547__BD94_1698,18
CP007547__BD94_1709,18
CP007547__BD94_1710,18
CP007547__BD94_1711,18
CP007547__BD94_1712,18
CP007547__BD94_1714,1
CP007547__BD94_1718,18
CP007547__BD94_1719,18
CP007547__BD94_1720,18
CP007547__BD94_1721,18
CP007547__BD94_1722,18
CP007547__BD94_1723,18
CP007547__BD94_1724,18
CP007547__BD94_1725,18
CP007547__BD94_1726,18
CP007547__BD94_1727,18
CP007547__BD94_1728,18
CP007547__BD94_1729,18
CP007547__BD94_1730,18
CP007547__BD94_1731,18
CP007547__BD94_1732,18
CP007547__BD94_1733,18
CP007547__BD94_1734,18
CP007547__BD94_1735,18
CP007547__BD94_1736,18
CP007547__BD94_1737,18
CP007547__BD94_1738,18
CP007547__BD94_1739,18
CP007547__BD94_1740,18
CP007547__BD94_1742,18
CP007547__BD94_1744,18
CP007547__BD94_1745,18
CP007547__BD94_1746,18
CP007547__BD94_1747,18
CP007547__BD94_1748,18
CP007547__BD94_1749,18
CP007547__BD94_1750,18
CP007547__BD94_1751,18
CP007547__BD94_1752,18
CP007547__BD94_1753,18
CP007547__BD94_1754,18
CP007547__BD94_1755,18
CP007547__BD94_1756,18
CP007547__BD94_1757,18
CP007547__BD94_1758,18
CP007547__BD94_1759,18
CP007547__BD94_1760,18
CP007547__BD94_1761,1
CP007547__BD94_1762,18
CP007547__BD94_1763,18
CP007547__BD94_1764,18
CP007547__BD94_1765,18
CP007547__BD94_1766,18
CP007547__BD94_1767,18
CP007547__BD94_1768,18
CP007547__BD94_1769,18
CP007547__BD94_1770,18
CP007547__BD94_1771,18
CP007547__BD94_1772,18
CP007547__BD94_1773,18
CP007547__BD94_1774,18
CP007547__BD94_1775,18
CP007547__BD94_1776,18
CP007547__BD94_1777,18
CP007547__BD94_1778,18
CP007547__BD94_1779,18
CP007547__BD94_1780,18
CP007547__BD94_1781,18
CP007547__BD94_1782,18
CP007547__BD94_1783,18
CP007547__BD94_1784,18
CP007547__BD94_1785,18
CP007547__BD94_1786,18
CP007547__BD94_1787,18
CP007547__BD94_1788,18
CP007547__BD94_1789,18
CP007547__BD94_1790,18
CP007547__BD94_1791,18
CP007547__BD94_1792,18
CP007547__BD94_1793,18
CP007547__BD94_1794,18
CP007547__BD94_1795,18
CP007547__BD94_1796,18
CP007547__BD94_1797,18
CP007547__BD94_1798,18
CP007547__BD94_1799,18
CP007547__BD94_1800,18
CP007547__BD94_1801,18
CP007547__BD94_1802,18
CP007547__BD94_1803,18
CP007547__BD94_1804,18
CP007547__BD94_1805,18
CP007547__BD94_1806,18
CP007547__BD94_1809,18
CP007547__BD94_1810,18
CP007547__BD94_1811,18
CP007547__BD94_1812,18
CP007547__BD94_1813,18
CP007547__BD94_1814,18
CP007547__BD94_1815,18
CP007547__BD94_1816,18
CP007547__BD94_1817,18
CP007547__BD94_1818,18
CP007547__BD94_1819,18
CP007547__BD94_1825,18
CP007547__BD94_1826,18
CP007547__BD94_1827,18
CP007547__BD94_1828,18
CP007547__BD94_1829,18
CP007547__BD94_1830,18
CP007547__BD94_1831,18
CP007547__BD94_1832,18
CP007547__BD94_1833,18
CP007547__BD94_1834,18
CP007547__BD94_1835,18
CP007547__BD94_1836,18
CP007547__BD94_1837,18
CP007547__BD94_1838,18
CP007547__BD94_1839,18
CP007547__BD94_1840,18
CP007547__BD94_1841,18
CP007547__BD94_1842,18
CP007547__BD94_1843,18
CP007547__BD94_1844,18
CP007547__BD94_1845,18
CP007547__BD94_1846,18
CP007547__BD94_1847,18
CP007547__BD94_1848,18
CP007547__BD94_1854,18
CP007547__BD94_1855,18
CP007547__BD94_1856,18
CP007547__BD94_1857,18
CP007547__BD94_1860,18
CP007547__BD94_1861,18
CP007547__BD94_1862,18
CP007547__BD94_1863,18
CP007547__BD94_1864,18
CP007547__BD94_1865,18
CP007547__BD94_1866,18
CP007547__BD94_1871,18
CP007547__BD94_1872,18
CP007547__BD94_1873,18
CP007547__BD94_1874,18
CP007547__BD94_1875,18
CP007547__BD94_1876,18
CP007547__BD94_1877,18
CP007547__BD94_1878,18
CP007547__BD94_1879,18
CP007547__BD94_1880,18
CP007547__BD94_1881,18
CP007547__BD94_1882,18
CP007547__BD94_1883,18
CP007547__BD94_1884,18
CP007547__BD94_1885,18
CP007547__BD94_1886,18
CP007547__BD94_1887,18
CP007547__BD94_1888,18
CP007547__BD94_1891,18
CP007547__BD94_1892,18
CP007547__BD94_1895,18
CP007547__BD94_1896,3
CP007547__BD94_1897,18
CP007547__BD94_1898,18
CP007547__BD94_1899,18
CP007547__BD94_1900,18
CP007547__BD94_1901,18
CP007547__BD94_1902,18
CP007547__BD94_1903,18
CP007547__BD94_1904,18
CP007547__BD94_1905,18
CP007547__BD94_1906,18
CP007547__BD94_1907,18
CP007547__BD94_1908,18
CP007547__BD94_1909,18
CP007547__BD94_1910,18
CP007547__BD94_1911,18
CP007547__BD94_1912,18
CP007547__BD94_1913,18
CP007547__BD94_1914,18
CP007547__BD94_1920,18
CP007547__BD94_1921,18
CP007547__BD94_1922,18
CP007547__BD94_1923,18
CP007547__BD94_1924,18
CP007547__BD94_1925,18
CP007547__BD94_1926,18
CP007547__BD94_1927,18
CP007547__BD94_1928,18
CP007547__BD94_1929,18
CP007547__BD94_1930,18
CP007547__BD94_1931,5
CP007547__BD94_1932,18
CP007547__BD94_1933,18
CP007547__BD94_1934,18
CP007547__BD94_1935,18
CP007547__BD94_1936,18
CP007547__BD94_1937,18
CP007547__BD94_1938,18
CP007547__BD94_1939,18
CP007547__BD94_1940,18
CP007547__BD94_1941,18
CP007547__BD94_1942,18
CP007547__BD94_1943,18
CP007547__BD94_1944,18
CP007547__BD94_1945,18
CP007547__BD94_1946,18
CP007547__BD94_1947,18
CP007547__BD94_1948,18
CP007547__BD94_1949,18
CP007547__BD94_1950,18
CP007547__BD94_1951,18
CP007547__BD94_1952,18
CP007547__BD94_1953,18
CP007547__BD94_1954,18
CP007547__BD94_1955,18
CP007547__BD94_1956,18
CP007547__BD94_1957,18
CP007547__BD94_1958,18
CP007547__BD94_1959,18
CP007547__BD94_1960,18
CP007547__BD94_1961,18
CP007547__BD94_1962,18
CP007547__BD94_1963,18
CP007547__BD94_1964,18
CP007547__BD94_1965,18
CP007547__BD94_1966,18
CP007547__BD94_1967,18
CP007547__BD94_1968,18
CP007547__BD94_1969,18
CP007547__BD94_1970,18
CP007547__BD94_1971,18
CP007547__BD94_1972,18
CP007547__BD94_1973,18
CP007547__BD94_1974,18
CP007547__BD94_1975,18
CP007547__BD94_1976,18
CP007547__BD94_1977,18
CP007547__BD94_1978,18
CP007547__BD94_1979,18
CP007547__BD94_1980,18
CP007547__BD94_1981,18
CP007547__BD94_1982,18
CP007547__BD94_1983,18
CP007547__BD94_1984,18
CP007547__BD94_1985,18
CP007547__BD94_1986,18
CP007547__BD94_1987,18
CP007547__BD94_1988,18
CP007547__BD94_1989,18
CP007547__BD94_1990,18
CP007547__BD94_1991,18
CP007547__BD94_1992,18
CP007547__BD94_1993,18
CP007547__BD94_1994,18
CP007547__BD94_1995,18
CP007547__BD94_1996,18
CP007547__BD94_1997,18
CP007547__BD94_2001,18
CP007547__BD94_2002,18
CP007547__BD94_2006,18
CP007547__BD94_2007,18
CP007547__BD94_2008,18
CP007547__BD94_2009,18
CP007547__BD94_2010,18
CP007547__BD94_2011,18
CP007547__BD94_2012,18
CP007547__BD94_2013,18
CP007547__BD94_2014,18
CP007547__BD94_2015,18
CP007547__BD94_2016,18
CP007547__BD94_2017,18
CP007547__BD94_2018,18
CP007547__BD94_2019,18
CP007547__BD94_2020,18
CP007547__BD94_2021,18
CP007547__BD94_2022,18
CP007547__BD94_2023,18
CP007547__BD94_2024,18
CP007547__BD94_2025,18
CP007547__BD94_2026,18
CP007547__BD94_2027,18
CP007547__BD94_2028,18
CP007547__BD94_2029,18
CP007547__BD94_2030,18
CP007547__BD94_2031,18
CP007547__BD94_2032,18
CP007547__BD94_2033,18
CP007547__BD94_2034,18
CP007547__BD94_2035,18
CP007547__BD94_2036,18
CP007547__BD94_2037,18
CP007547__BD94_2038,18
CP007547__BD94_2039,18
CP007547__BD94_2040,18
CP007547__BD94_2041,18
CP007547__BD94_2042,18
CP007547__BD94_2043,18
CP007547__BD94_2044,18
CP007547__BD94_2045,18
CP007547__BD94_2046,18
CP007547__BD94_2047,18
CP007547__BD94_2048,18
CP007547__BD94_2049,18
CP007547__BD94_2050,18
CP007547__BD94_2051,18
CP007547__BD94_2052,18
CP007547__BD94_2053,18
CP007547__BD94_2054,18
CP007547__BD94_2055,18
CP007547__BD94_2056,18
CP007547__BD94_2057,18
CP007547__BD94_2058,18
CP007547__BD94_2059,18
CP007547__BD94_2060,18
CP007547__BD94_2061,18
CP007547__BD94_2062,18
CP007547__BD94_2063,18
CP007547__BD94_2064,18
CP007547__BD94_2065,18
CP007547__BD94_2066,18
CP007547__BD94_2067,18
CP007547__BD94_2068,18
CP007547__BD94_2069,18
CP007547__BD94_2070,18
CP007547__BD94_2071,18
CP007547__BD94_2073,18
CP007547__BD94_2074,18
CP007547__BD94_2075,18
CP007547__BD94_2076,18
CP007547__BD94_2077,18
CP007547__BD94_2078,18
CP007547__BD94_2079,18
CP007547__BD94_2080,18
CP007547__BD94_2081,18
CP007547__BD94_2082,18
CP007547__BD94_2083,18
CP007547__BD94_2084,18
CP007547__BD94_2085,18
CP007547__BD94_2086,18
CP007547__BD94_2087,18
CP007547__BD94_2088,18
CP007547__BD94_2089,18
CP007547__BD94_2090,18
CP007547__BD94_2091,18
CP007547__BD94_2092,18
CP007547__BD94_2093,18
CP007547__BD94_2094,18
CP007547__BD94_2095,18
CP007547__BD94_2096,18
CP007547__BD94_2097,18
CP007547__BD94_2098,18
CP007547__BD94_2099,18
CP007547__BD94_2100,18
CP007547__BD94_2101,18
CP007547__BD94_2102,18
CP007547__BD94_2103,18
CP007547__BD94_2104,18
CP007547__BD94_2105,18
CP007547__BD94_2106,18
CP007547__BD94_2107,18
CP007547__BD94_2108,18
CP007547__BD94_2109,18
CP007547__BD94_2110,18
CP007547__BD94_2111,18
CP007547__BD94_2112,18
CP007547__BD94_2113,18
CP007547__BD94_2114,18
CP007547__BD94_2115,18
CP007547__BD94_2116,18
CP007547__BD94_2117,18
CP007547__BD94_2118,18
CP007547__BD94_2119,18
CP007547__BD94_2120,18
CP007547__BD94_2122,18
CP007547__BD94_2123,18
CP007547__BD94_2124,18
CP007547__BD94_2125,18
CP007547__BD94_2126,18
CP007547__BD94_2128,18
CP007547__BD94_2129,10
CP007547__BD94_2133,18
CP007547__BD94_2134,18
CP007547__BD94_2135,18
CP007547__BD94_2136,18
CP007547__BD94_2137,18
CP007547__BD94_2138,18
CP007547__BD94_2139,18
CP007547__BD94_2140,18
CP007547__BD94_2141,18
CP007547__BD94_2142,18
CP007547__BD94_2143,18
CP007547__BD94_2144,18
CP007547__BD94_2145,18
CP007547__BD94_2146,18
CP007547__BD94_2147,18
CP007547__BD94_2148,18
CP007547__BD94_2149,18
CP007547__BD94_2150,18
CP007547__BD94_2151,1
CP007547__BD94_2152,18
CP007547__BD94_2153,18
CP007547__BD94_2154,18
CP007547__BD94_2155,18
CP007547__BD94_2156,18
CP007547__BD94_2158,18
CP007547__BD94_2159,18
CP007547__BD94_2160,18
CP007547__BD94_2161,18
CP007547__BD94_2162,18
CP007547__BD94_2163,18
CP007547__BD94_2164,18
CP007547__BD94_2165,18
CP007547__BD94_2166,18
CP007547__BD94_2167,18
CP007547__BD94_2168,18
CP007547__BD94_2169,18
CP007547__BD94_2170,18
CP007547__BD94_2171,18
CP007547__BD94_2172,18
CP007547__BD94_2173,18
CP007547__BD94_2174,18
CP007547__BD94_2175,18
CP007547__BD94_2176,18
CP007547__BD94_2177,18
CP007547__BD94_2178,18
CP007547__BD94_2179,18
CP007547__BD94_2180,18
CP007547__BD94_2181,18
CP007547__BD94_2182,18
CP007547__BD94_2183,18
CP007547__BD94_2184,18
CP007547__BD94_2185,18
CP007547__BD94_2186,18
CP007547__BD94_2187,18
CP007547__BD94_2188,18
CP007547__BD94_2189,18
CP007547__BD94_2190,18
CP007547__BD94_2191,18
CP007547__BD94_2195,18
CP007547__BD94_2196,18
CP007547__BD94_2197,18
CP007547__BD94_2198,18
CP007547__BD94_2199,18
CP007547__BD94_2200,18
CP007547__BD94_2201,18
CP007547__BD94_2202,18
CP007547__BD94_2203,18
CP007547__BD94_2204,18
CP007547__BD94_2205,18
CP007547__BD94_2206,18
CP007547__BD94_2207,18
CP007547__BD94_2208,18
CP007547__BD94_2209,18
CP007547__BD94_2210,18
CP007547__BD94_2211,18
CP007547__BD94_2212,18
CP007547__BD94_2213,18
CP007547__BD94_2214,18
CP007547__BD94_2215,18
CP007547__BD94_2216,18
CP007547__BD94_2217,18
CP007547__BD94_2218,18
CP007547__BD94_2219,18
CP007547__BD94_2220,18
CP007547__BD94_2221,18
CP007547__BD94_2222,18
CP007547__BD94_2223,18
CP007547__BD94_2224,18
CP007547__BD94_2225,18
CP007547__BD94_2226,18
CP007547__BD94_2227,18
CP007547__BD94_2228,18
CP007547__BD94_2229,18
CP007547__BD94_2230,18
CP007547__BD94_2231,18
CP007547__BD94_2232,18
CP007547__BD94_2233,18
CP007547__BD94_2234,18
CP007547__BD94_2235,18
CP007547__BD94_2236,18
CP007547__BD94_2237,18
CP007547__BD94_2238,18
CP007547__BD94_2239,18
CP007547__BD94_2240,18
CP007547__BD94_2241,18
CP007547__BD94_2242,18
CP007547__BD94_2243,18
CP007547__BD94_2244,18
CP007547__BD94_2245,18
CP007547__BD94_2246,18
CP007547__BD94_2247,18
CP007547__BD94_2248,18
CP007547__BD94_2249,18
CP007547__BD94_2250,18
CP007547__BD94_2252,1
CP007547__BD94_2253,18
CP007547__BD94_2254,18
CP007547__BD94_2255,18
CP007547__BD94_2256,18
CP007547__BD94_2257,18
CP007547__BD94_2258,18
CP007547__BD94_2259,18
CP007547__BD94_2260,18
CP007547__BD94_2261,18
CP007547__BD94_2262,18
CP007547__BD94_2263,18
CP007547__BD94_2264,18
CP007547__BD94_2265,18
CP007547__BD94_2266,18
CP007547__BD94_2267,18
CP007547__BD94_2268,18
CP007547__BD94_2269,18
CP007547__BD94_2270,18
CP007547__BD94_2271,18
CP007547__BD94_2272,18
CP007547__BD94_2273,18
CP007547__BD94_2274,18
CP007547__BD94_2275,18
CP007547__BD94_2276,18
CP007547__BD94_2277,18
CP007547__BD94_2278,18
CP007547__BD94_2279,18
CP007547__BD94_2280,18
CP007547__BD94_2281,18
CP007547__BD94_2282,18
CP007547__BD94_2283,18
CP007547__BD94_2284,18
CP007547__BD94_2285,18
CP007547__BD94_2286,18
CP007547__BD94_2287,18
CP007547__BD94_2288,18
CP007547__BD94_2289,18
CP007547__BD94_2290,18
CP007547__BD94_2291,18
CP007547__BD94_2292,18
CP007547__BD94_2293,18
CP007547__BD94_2294,18
CP007547__BD94_2295,18
CP007547__BD94_2296,18
CP007547__BD94_2297,18
CP007547__BD94_2298,18
CP007547__BD94_2299,18
CP007547__BD94_2300,18
CP007547__BD94_2301,18
CP007547__BD94_2302,18
CP007547__BD94_2303,18
CP007547__BD94_2304,18
CP007547__BD94_2305,18
CP007547__BD94_2306,18
CP007547__BD94_2307,18
CP007547__BD94_2308,18
CP007547__BD94_2309,18
CP007547__BD94_2310,18
CP007547__BD94_2311,18
CP007547__BD94_2312,18
CP007547__BD94_2313,18
CP007547__BD94_2330,1
CP007547__BD94_2334,18
CP007547__BD94_2335,18
CP007547__BD94_2336,18
CP007547__BD94_2337,18
CP007547__BD94_2338,18
CP007547__BD94_2339,18
CP007547__BD94_2340,18
CP007547__BD94_2341,18
CP007547__BD94_2342,18
CP007547__BD94_2343,18
CP007547__BD94_2344,18
CP007547__BD94_2345,18
CP007547__BD94_2346,18
CP007547__BD94_2347,18
CP007547__BD94_2348,18
CP007547__BD94_2349,13
CP007547__BD94_2351,18
CP007547__BD94_2353,18
CP007547__BD94_2354,18
CP007547__BD94_2355,18
CP007547__BD94_2356,18
CP007547__BD94_2357,18
CP007547__BD94_2358,18
CP007547__BD94_2359,18
CP007547__BD94_2360,18
CP007547__BD94_2361,18
CP007547__BD94_2362,18
CP007547__BD94_2363,18
CP007547__BD94_2364,18
CP007547__BD94_2365,18
CP007547__BD94_2366,18
CP007547__BD94_2367,18
CP007547__BD94_2369,18
CP007547__BD94_2370,18
CP007547__BD94_2371,18
CP007547__BD94_2372,18
CP007547__BD94_2374,18
CP007547__BD94_2375,18
CP007547__BD94_2376,18
CP007547__BD94_2377,18
CP007547__BD94_2378,18
CP007547__BD94_2379,18
CP007547__BD94_2380,18
CP007547__BD94_2381,18
CP007547__BD94_2382,18
CP007547__BD94_2383,18
CP007547__BD94_2384,18
CP007547__BD94_2385,18
CP007547__BD94_2386,18
CP007547__BD94_2387,18
CP007547__BD94_2388,18
CP007547__BD94_2389,18
CP007547__BD94_2390,18
CP007547__BD94_2391,18
CP007547__BD94_2392,18
CP007547__BD94_2393,18
CP007547__BD94_2394,18
CP007547__BD94_2395,18
CP007547__BD94_2396,18
CP007547__BD94_2397,18
CP007547__BD94_2398,18
CP007547__BD94_2399,18
CP007547__BD94_2400,18
CP007547__BD94_2401,18
CP007547__BD94_2402,18
CP007547__BD94_2403,18
CP007547__BD94_2404,18
CP007547__BD94_2405,18
CP007547__BD94_2406,18
CP007547__BD94_2407,18
CP007547__BD94_2408,18
CP007547__BD94_2409,18
CP007547__BD94_2410,18
CP007547__BD94_2411,18
CP007547__BD94_2412,18
CP007547__BD94_2413,18
CP007547__BD94_2414,18
CP007547__BD94_2415,18
CP007547__BD94_2416,18
CP007547__BD94_2417,18
CP007547__BD94_2418,18
CP007547__BD94_2419,18
CP007547__BD94_2420,18
CP007547__BD94_2422,18
CP007547__BD94_2423,18
CP007547__BD94_2424,18
CP007547__BD94_2425,18
CP007547__BD94_2426,18
CP007547__BD94_2427,18
CP007547__BD94_2428,18
CP007547__BD94_2429,18
CP007547__BD94_2430,18
CP007547__BD94_2431,18
CP007547__BD94_2432,18
CP007547__BD94_2433,18
CP007547__BD94_2434,18
CP007547__BD94_2435,18
CP007547__BD94_2436,18
CP007547__BD94_2437,18
CP007547__BD94_2438,18
CP007547__BD94_2439,18
CP007547__BD94_2440,18
CP007547__BD94_2441,18
CP007547__BD94_2442,18
CP007547__BD94_2443,18
CP007547__BD94_2444,18
CP007547__BD94_2445,18
CP007547__BD94_2446,18
CP007547__BD94_2447,18
CP007547__BD94_2448,18
CP007547__BD94_2449,18
CP007547__BD94_2450,18
CP007547__BD94_2451,18
CP007547__BD94_2452,18
CP007547__BD94_2453,18
CP007547__BD94_2454,18
CP007547__BD94_2455,18
CP007547__BD94_2456,18
CP007547__BD94_2457,18
CP007547__BD94_2458,18
CP007547__BD94_2459,18
CP007547__BD94_2460,18
CP007547__BD94_2461,18
CP007547__BD94_2462,18
CP007547__BD94_2463,18
CP007547__BD94_2464,18
CP007547__BD94_2465,18
CP007547__BD94_2466,18
CP007547__BD94_2467,18
CP007547__BD94_2468,18
CP007547__BD94_2469,18
CP007547__BD94_2470,18
CP007547__BD94_2471,18
CP007547__BD94_2472,18
CP007547__BD94_2473,18
CP007547__BD94_2474,18
CP007547__BD94_2475,18
CP007547__BD94_2476,18
CP007547__BD94_2477,18
CP007547__BD94_2478,18
CP007547__BD94_2479,18
CP007547__BD94_2480,18
CP007547__BD94_2481,18
CP007547__BD94_2482,18
CP007547__BD94_2483,18
CP007547__BD94_2484,18
CP007547__BD94_2485,18
CP007547__BD94_2486,18
CP007547__BD94_2487,18
CP007547__BD94_2488,18
CP007547__BD94_2489,18
CP007547__BD94_2490,18
CP007547__BD94_2491,18
CP007547__BD94_2492,18
CP007547__BD94_2493,18
CP007547__BD94_2494,18
CP007547__BD94_2495,18
CP007547__BD94_2496,18
CP007547__BD94_2497,18
CP007547__BD94_2498,18
CP007547__BD94_2499,18
CP007547__BD94_2500,18
CP007547__BD94_2501,18
CP007547__BD94_2502,18
CP007547__BD94_2503,18
CP007547__BD94_2504,18
CP007547__BD94_2505,18
CP007547__BD94_2506,18
CP007547__BD94_2507,18
CP007547__BD94_2508,18
CP007547__BD94_2509,18
CP007547__BD94_2510,18
CP007547__BD94_2511,18
CP007547__BD94_2512,18
CP007547__BD94_2513,18
CP007547__BD94_2514,18
CP007547__BD94_2515,18
CP007547__BD94_2516,18
CP007547__BD94_2517,18
CP007547__BD94_2518,18
CP007547__BD94_2519,18
CP007547__BD94_2520,18
CP007547__BD94_2521,18
CP007547__BD94_2522,18
CP007547__BD94_2523,18
CP007547__BD94_2524,18
CP007547__BD94_2525,18
CP007547__BD94_2526,4
CP007547__BD94_2527,18
CP007547__BD94_2528,18
CP007547__BD94_2529,18
CP007547__BD94_2530,18
CP007547__BD94_2531,18
CP007547__BD94_2532,18
CP007547__BD94_2533,18
CP007547__BD94_2534,18
CP007547__BD94_2535,18
CP007547__BD94_2536,18
CP007547__BD94_2537,18
CP007547__BD94_2538,18
CP007547__BD94_2539,18
CP007547__BD94_2540,18
CP007547__BD94_2541,18
CP007547__BD94_2542,18
CP007547__BD94_2543,18
CP007547__BD94_2544,18
CP007547__BD94_2545,18
CP007547__BD94_2546,18
CP007547__BD94_2547,18
CP007547__BD94_2548,18
CP007547__BD94_2549,18
CP007547__BD94_2550,18
CP007547__BD94_2551,18
CP007547__BD94_2552,18
CP007547__BD94_2553,18
CP007547__BD94_2554,18
CP007547__BD94_2555,18
CP007547__BD94_2556,18
CP007547__BD94_2557,18
CP007547__BD94_2558,1
CP007547__BD94_2559,18
CP007547__BD94_2560,18
CP007547__BD94_2561,18
CP007547__BD94_2562,18
CP007547__BD94_2563,18
CP007547__BD94_2564,18
CP007547__BD94_2565,18
CP007547__BD94_2566,18
CP007547__BD94_2567,18
CP007547__BD94_2568,18
CP007547__BD94_2569,18
CP007547__BD94_2570,18
CP007547__BD94_2571,18
CP007547__BD94_2572,18
CP007547__BD94_2573,18
CP007547__BD94_2574,18
CP007547__BD94_2575,18
CP007547__BD94_2576,15
CP007547__BD94_2577,18
CP007547__BD94_2578,18
CP007547__BD94_2579,18
CP007547__BD94_2580,18
CP007547__BD94_2581,18
CP007547__BD94_2582,18
CP007547__BD94_2583,18
CP007547__BD94_2584,18
CP007547__BD94_2585,18
CP007547__BD94_2586,18
CP007547__BD94_2587,18
CP007547__BD94_2588,18
CP007547__BD94_2589,18
CP007547__BD94_2590,18
CP007547__BD94_2591,18
CP007547__BD94_2592,18
CP007547__BD94_2593,18
CP007547__BD94_2594,18
CP007547__BD94_2595,18
CP007547__BD94_2596,18
CP007547__BD94_2597,18
CP007547__BD94_2598,18
CP007547__BD94_2599,18
CP007547__BD94_2600,18
CP007547__BD94_2601,18
CP007547__BD94_2602,18
CP007547__BD94_2603,18
CP007547__BD94_2604,18
CP007547__BD94_2605,18
CP007547__BD94_2606,18
CP007547__BD94_2607,18
CP007547__BD94_2608,18
CP007547__BD94_2609,18
CP007547__BD94_2610,18
CP007547__BD94_2611,18
CP007547__BD94_2612,18
CP007547__BD94_2613,18
CP007547__BD94_2614,18
CP007547__BD94_2615,18
CP007547__BD94_2616,18
CP007547__BD94_2617,18
CP007547__BD94_2618,18
CP007547__BD94_2619,18
CP007547__BD94_2620,18
CP007547__BD94_2621,18
CP007547__BD94_2622,18
CP007547__BD94_2623,18
CP007547__BD94_2624,18
CP007547__BD94_2625,18
CP007547__BD94_2626,18
CP007547__BD94_2627,18
CP007547__BD94_2628,18
CP007547__BD94_2629,18
CP007547__BD94_2630,18
CP007547__BD94_2631,18
CP007547__BD94_2632,18
CP007547__BD94_2633,18
CP007547__BD94_2634,18
CP007547__BD94_2635,18
CP007547__BD94_2636,18
CP007547__BD94_2637,18
CP007547__BD94_2638,18
CP007547__BD94_2639,18
CP007547__BD94_2640,18
CP007547__BD94_2641,18
CP007547__BD94_2642,18
CP007547__BD94_2643,18
CP007547__BD94_2644,18
CP007547__BD94_2645,18
CP007547__BD94_2646,18
CP007547__BD94_2647,18
CP007547__BD94_2648,18
CP007547__BD94_2649,18
CP007547__BD94_2650,18
CP007547__BD94_2651,18
CP007547__BD94_2652,18
CP007547__BD94_2653,18
CP007547__BD94_2654,18
CP007547__BD94_2655,18
CP007547__BD94_2656,18
CP007547__BD94_2657,18
CP007547__BD94_2658,18
CP007547__BD94_2659,18
CP007547__BD94_2660,18
CP007547__BD94_2661,18
CP007547__BD94_2662,18
CP007547__BD94_2663,18
CP007547__BD94_2664,18
CP007547__BD94_2665,18
CP007547__BD94_2666,18
CP007547__BD94_2667,18
CP007547__BD94_2668,18
CP007547__BD94_2669,18
CP007547__BD94_2670,18
CP007547__BD94_2671,18
CP007547__BD94_2672,18
CP007547__BD94_2673,18
CP007547__BD94_2674,18
CP007547__BD94_2675,18
CP007547__BD94_2676,18
CP007547__BD94_2677,18
CP007547__BD94_2678,18
CP007547__BD94_2679,18
CP007547__BD94_2680,18
CP007547__BD94_2681,18
CP007547__BD94_2682,18
CP007547__BD94_2683,18
CP007547__BD94_2684,18
CP007547__BD94_2685,18
CP007547__BD94_2686,18
CP007547__BD94_2687,18
CP007547__BD94_2688,18
CP007547__BD94_2689,18
CP007547__BD94_2690,18
CP007547__BD94_2691,18
CP007547__BD94_2692,18
CP007547__BD94_2693,18
CP007547__BD94_2694,18
CP007547__BD94_2695,18
CP007547__BD94_2696,18
CP007547__BD94_2697,18
CP007547__BD94_2698,18
CP007547__BD94_2699,18
CP007547__BD94_2700,18
CP007547__BD94_2701,18
CP007547__BD94_2702,18
CP007547__BD94_2703,18
CP007547__BD94_2704,18
CP007547__BD94_2705,18
CP007547__BD94_2706,18
CP007547__BD94_2707,18
CP007547__BD94_2708,18
CP007547__BD94_2709,18
CP007547__BD94_2710,18
CP007547__BD94_2711,18
CP007547__BD94_2712,18
CP007547__BD94_2713,18
CP007547__BD94_2716,18
CP007547__BD94_2717,18
CP007547__BD94_2718,18
CP007547__BD94_2719,18
CP007547__BD94_2720,18
CP007547__BD94_2723,18
CP007547__BD94_2725,18
CP007547__BD94_2726,18
CP007547__BD94_2727,18
CP007547__BD94_2728,18
CP007547__BD94_2729,18
CP007547__BD94_2730,18
CP007547__BD94_2731,18
CP007547__BD94_2732,18
CP007547__BD94_2733,18
CP007547__BD94_2734,18
CP007547__BD94_2735,18
CP007547__BD94_2736,18
CP007547__BD94_2737,18
CP007547__BD94_2738,18
CP007547__BD94_2739,18
CP007547__BD94_2740,18
CP007547__BD94_2741,18
CP007547__BD94_2742,18
CP007547__BD94_2743,18
CP007547__BD94_2744,18
CP007547__BD94_2745,18
CP007547__BD94_2746,18
CP007547__BD94_2747,18
CP007547__BD94_2748,18
CP007547__BD94_2749,18
CP007547__BD94_2750,18
CP007547__BD94_2751,18
CP007547__BD94_2752,18
CP007547__BD94_2753,18
CP007547__BD94_2754,18
CP007547__BD94_2755,18
CP007547__BD94_2756,18
CP007547__BD94_2757,18
CP007547__BD94_2758,18
CP007547__BD94_2759,18
CP007547__BD94_2760,18
CP007547__BD94_2761,18
CP007547__BD94_2762,18
CP007547__BD94_2763,18
CP007547__BD94_2764,18
CP007547__BD94_2765,18
CP007547__BD94_2766,18
CP007547__BD94_2767,18
CP007547__BD94_2768,18
CP007547__BD94_2769,18
CP007547__BD94_2770,18
CP007547__BD94_2771,18
CP007547__BD94_2772,18
CP007547__BD94_2773,18
CP007547__BD94_2774,18
CP007547__BD94_2775,18
CP007547__BD94_2776,18
CP007547__BD94_2777,18
CP007547__BD94_2778,18
CP007547__BD94_2779,18
CP007547__BD94_2780,18
CP007547__BD94_2781,18
CP007547__BD94_2782,18
CP007547__BD94_2783,18
CP007547__BD94_2784,18
CP007547__BD94_2785,18
CP007547__BD94_2786,18
CP007547__BD94_2787,18
CP007547__BD94_2788,18
CP007547__BD94_2789,18
CP007547__BD94_2790,18
CP007547__BD94_2791,18
CP007547__BD94_2792,18
CP007547__BD94_2793,18
CP007547__BD94_2794,18
CP007547__BD94_2795,18
CP007547__BD94_2796,18
CP007547__BD94_2797,18
CP007547__BD94_2798,18
CP007547__BD94_2799,18
CP007547__BD94_2800,18
CP007547__BD94_2801,18
CP007547__BD94_2802,18
CP007547__BD94_2803,18
CP007547__BD94_2804,18
CP007547__BD94_2805,18
CP007547__BD94_2806,18
CP007547__BD94_2807,18
CP007547__BD94_2808,18
CP007547__BD94_2809,18
CP007547__BD94_2810,18
CP007547__BD94_2811,18
CP007547__BD94_2812,18
CP007547__BD94_2813,18
CP007547__BD94_2814,18
CP007547__BD94_2815,18
CP007547__BD94_2817,18
CP007547__BD94_2818,18
CP007547__BD94_2819,18
CP007547__BD94_2820,18
CP007547__BD94_2821,18
CP007547__BD94_2826,18
CP007547__BD94_2827,18
CP007547__BD94_2828,18
CP007547__BD94_2829,18
CP007547__BD94_2830,18
CP007547__BD94_2831,18
CP007547__BD94_2832,18
CP007547__BD94_2833,18
CP007547__BD94_2834,18
CP007547__BD94_2835,18
CP007547__BD94_2836,18
CP007547__BD94_2837,18
CP007547__BD94_2838,18
CP007547__BD94_2839,18
CP007547__BD94_2840,18
CP007547__BD94_2841,18
CP007547__BD94_2842,18
CP007547__BD94_2843,18
CP007547__BD94_2844,18
CP007547__BD94_2845,18
CP007547__BD94_2846,18
CP007547__BD94_2847,18
CP007547__BD94_2848,18
CP007547__BD94_2849,18
CP007547__BD94_2850,18
CP007547__BD94_2851,18
CP007547__BD94_2852,18
CP007547__BD94_2853,18
CP007547__BD94_2854,18
CP007547__BD94_2855,18
CP007547__BD94_2856,18
CP007547__BD94_2857,18
CP007547__BD94_2858,18
CP007547__BD94_2859,18
CP007547__BD94_2860,18
CP007547__BD94_2861,18
CP007547__BD94_2862,18
CP007547__BD94_2863,18
CP007547__BD94_2864,18
CP007547__BD94_2865,18
CP007547__BD94_2866,18
CP007547__BD94_2867,18
CP007547__BD94_2868,18
CP007547__BD94_2869,18
CP007547__BD94_2870,18
CP007547__BD94_2871,18
CP007547__BD94_2872,18
CP007547__BD94_2873,18
CP007547__BD94_2874,18
CP007547__BD94_2875,18
CP007547__BD94_2876,18
CP007547__BD94_2877,18
CP007547__BD94_2878,18
CP007547__BD94_2879,18
CP007547__BD94_2880,18
CP007547__BD94_2881,18
CP007547__BD94_2882,18
CP007547__BD94_2883,18
CP007547__BD94_2884,18
CP007547__BD94_2885,18
CP007547__BD94_2886,18
CP007547__BD94_2887,18
CP007547__BD94_2888,18
CP007547__BD94_2889,18
CP007547__BD94_2890,18
CP007547__BD94_2891,18
CP007547__BD94_2892,18
CP007547__BD94_2893,18
CP007547__BD94_2894,18
CP007547__BD94_2895,18
CP007547__BD94_2896,18
CP007547__BD94_2897,18
CP007547__BD94_2898,18
CP007547__BD94_2899,18
CP007547__BD94_2900,18
CP007547__BD94_2901,18
CP007547__BD94_2902,18
CP007547__BD94_2903,18
CP007547__BD94_2904,18
CP007547__BD94_2905,18
CP007547__BD94_2906,18
CP007547__BD94_2907,18
CP007547__BD94_2911,18
CP007547__BD94_2912,18
CP007547__BD94_2913,18
CP007547__BD94_2914,18
CP007547__BD94_2915,18
CP007547__BD94_2916,18
CP007547__BD94_2917,18
CP007547__BD94_2918,18
CP007547__BD94_2919,18
CP007547__BD94_2920,18
CP007547__BD94_2921,18
CP007547__BD94_2922,18
CP007547__BD94_2923,18
CP007547__BD94_2924,18
CP007547__BD94_2925,18
CP007547__BD94_2926,18
CP007547__BD94_2927,18
CP007547__BD94_2928,18
CP007547__BD94_2929,18
CP007547__BD94_2930,18
CP007547__BD94_2931,18
CP007547__BD94_2932,18
CP007547__BD94_2933,18
CP007547__BD94_2934,18
CP007547__BD94_2935,18
CP007547__BD94_2936,18
CP007547__BD94_2937,18
CP007547__BD94_2938,18
CP007547__BD94_2939,18
CP007547__BD94_2940,18
CP007547__BD94_2941,18
CP007547__BD94_2942,18
CP007547__BD94_2943,18
CP007547__BD94_2944,18
CP007547__BD94_2945,18
CP007547__BD94_2946,18
CP007547__BD94_2947,18
CP007547__BD94_2948,18
CP007547__BD94_2949,18
CP007547__BD94_2950,18
CP007547__BD94_2951,18
CP007547__BD94_2952,18
CP007547__BD94_2953,18
CP007547__BD94_2954,18
CP007547__BD94_2955,18
CP007547__BD94_2956,18
CP007547__BD94_2957,18
CP007547__BD94_2958,18
CP007547__BD94_2959,18
CP007547__BD94_2960,18
CP007547__BD94_2961,18
CP007547__BD94_2962,18
CP007547__BD94_2963,18
CP007547__BD94_2964,18
CP007547__BD94_2965,18
CP007547__BD94_2966,18
CP007547__BD94_2967,18
CP007547__BD94_2969,18
CP007547__BD94_2970,18
CP007547__BD94_2971,18
CP007547__BD94_2972,18
CP007547__BD94_2973,18
CP007547__BD94_2974,18
CP007547__BD94_2975,18
CP007547__BD94_2976,18
CP007547__BD94_2977,18
CP007547__BD94_2978,18
CP007547__BD94_2979,18
CP007547__BD94_2980,18
CP007547__BD94_2981,18
CP007547__BD94_2982,18
CP007547__BD94_2983,18
CP007547__BD94_2984,18
CP007547__BD94_2985,18
CP007547__BD94_2986,18
CP007547__BD94_2987,18
CP007547__BD94_2988,18
CP007547__BD94_2991,18
CP007547__BD94_2992,18
CP007547__BD94_2994,18
CP007547__BD94_2995,18
CP007547__BD94_2996,18
CP007547__BD94_2997,18
CP007547__BD94_2998,18
CP007547__BD94_2999,18
CP007547__BD94_3000,18
CP007547__BD94_3001,18
CP007547__BD94_3002,18
CP007547__BD94_3003,18
CP007547__BD94_3004,18
CP007547__BD94_3005,18
CP007547__BD94_3006,18
CP007547__BD94_3007,18
CP007547__BD94_3008,18
CP007547__BD94_3009,18
CP007547__BD94_3010,18
CP007547__BD94_3011,18
CP007547__BD94_3013,18
CP007547__BD94_3014,18
CP007547__BD94_3015,18
CP007547__BD94_3016,18
CP007547__BD94_3017,18
CP007547__BD94_3018,18
CP007547__BD94_3019,18
CP007547__BD94_3020,18
CP007547__BD94_3021,18
CP007547__BD94_3022,18
CP007547__BD94_3023,18
CP007547__BD94_3024,18
CP007547__BD94_3025,18
CP007547__BD94_3026,18
CP007547__BD94_3027,18
CP007547__BD94_3028,18
CP007547__BD94_3042,18
CP007547__BD94_3043,18
CP007547__BD94_3044,18
CP007547__BD94_3045,18
CP007547__BD94_3046,18
CP007547__BD94_3047,18
CP007547__BD94_3048,18
CP007547__BD94_3049,18
CP007547__BD94_3050,18
CP007547__BD94_3051,18
CP007547__BD94_3052,18
CP007547__BD94_3053,18
CP007547__BD94_3054,18
CP007547__BD94_3055,18
CP007547__BD94_3056,18
CP007547__BD94_3057,18
CP007547__BD94_3058,18
CP007547__BD94_3059,18
CP007547__BD94_3060,18
CP007547__BD94_3061,18
CP007547__BD94_3062,18
CP007547__BD94_3063,18
CP007547__BD94_3064,18
CP007547__BD94_3065,18
CP007547__BD94_3066,18
CP007547__BD94_3067,18
CP007547__BD94_3068,18
CP007547__BD94_3069,18
CP007547__BD94_3070,18
CP007547__BD94_3071,18
CP007547__BD94_3072,18
CP007547__BD94_3073,18
CP007547__BD94_3074,18
CP007547__BD94_3075,18
CP007547__BD94_3076,18
CP007547__BD94_3077,18
CP007547__BD94_3078,18
CP007547__BD94_3079,18
CP007547__BD94_3080,18
CP007547__BD94_3081,18
CP007547__BD94_3082,18
CP007547__BD94_3083,18
CP007547__BD94_3084,18
CP007547__BD94_3085,18
CP007547__BD94_3086,18
CP007547__BD94_3087,18
CP007547__BD94_3088,18
CP007547__BD94_3089,18
CP007547__BD94_3090,18
CP007547__BD94_3091,18
CP007547__BD94_3092,18
CP007547__BD94_3093,18
CP007547__BD94_3094,18
CP007547__BD94_3095,18
CP007547__BD94_3096,18
CP007547__BD94_3097,18
CP007547__BD94_3098,18
CP007547__BD94_3099,18
CP007547__BD94_3100,18
CP007547__BD94_3101,18
CP007547__BD94_3102,18
CP007547__BD94_3103,18
CP007547__BD94_3104,18
CP007547__BD94_3105,18
CP007547__BD94_3106,18
CP007547__BD94_3107,18
CP007547__BD94_3108,18
CP007547__BD94_3109,18
CP007547__BD94_3110,18
CP007547__BD94_3111,2
CP007547__BD94_3112,18
CP007547__BD94_3113,18
CP007547__BD94_3114,18
CP007547__BD94_3115,18
CP007547__BD94_3116,18
CP007547__BD94_3117,18
CP007547__BD94_3118,18
CP007547__BD94_3119,18
CP007547__BD94_3120,18
CP007547__BD94_3121,18
CP007547__BD94_3122,18
CP007547__BD94_3123,18
CP007547__BD94_3124,18
CP007547__BD94_3125,18
CP007547__BD94_3126,18
CP007547__BD94_3127,18
CP007547__BD94_3128,18
CP007547__BD94_3129,18
CP007547__BD94_3130,18
CP007547__BD94_3131,18
CP007547__BD94_3132,18
CP007547__BD94_3133,18
CP007547__BD94_3134,18
CP007547__BD94_3135,18
CP007547__BD94_3138,18
CP007547__BD94_3139,18
CP007547__BD94_3141,18
CP007547__BD94_3142,18
CP007547__BD94_3143,18
CP007547__BD94_3144,18
CP007547__BD94_3145,18
CP007547__BD94_3146,18
CP007547__BD94_3147,18
CP007547__BD94_3148,18
CP007547__BD94_3149,18
CP007547__BD94_3150,18
CP007547__BD94_3151,18
CP007547__BD94_3152,18
CP007547__BD94_3153,18
CP007547__BD94_3154,18
CP007547__BD94_3155,18
CP007547__BD94_3156,18
CP007547__BD94_3157,18
CP007547__BD94_3224,18
CP007547__BD94_3225,18
CP007547__BD94_3226,18
CP007547__BD94_3227,18
CP007547__BD94_3228,18
CP007547__BD94_3229,18
CP007547__BD94_3230,18
CP007547__BD94_3231,18
CP007547__BD94_3232,18
CP007547__BD94_3233,18
CP007547__BD94_3234,18
CP007547__BD94_3235,18
CP007547__BD94_3236,18
CP007547__BD94_3237,18
CP007547__BD94_3238,18
CP007547__BD94_3239,1
CP007547__BD94_3240,18
CP007547__BD94_3241,18
CP007547__BD94_3242,18
CP007547__BD94_3243,18
CP007547__BD94_3244,18
CP007547__BD94_3245,18
CP007547__BD94_3246,18
CP007547__BD94_3247,18
CP007547__BD94_3248,18
CP007547__BD94_3249,18
CP007547__BD94_3250,18
CP007547__BD94_3251,18
CP007547__BD94_3252,18
CP007547__BD94_3253,18
CP007547__BD94_3254,18
CP007547__BD94_3255,18
CP007547__BD94_3256,18
CP007547__BD94_3257,18
CP007547__BD94_3258,18
CP007547__BD94_3259,18
CP007547__BD94_3260,18
CP007547__BD94_3261,18
CP007547__BD94_3262,18
CP007547__BD94_3263,18
CP007547__BD94_3264,18
CP007547__BD94_3265,18
CP007547__BD94_3266,18
CP007547__BD94_3267,18
CP007547__BD94_3268,18
CP007547__BD94_3269,18
CP007547__BD94_3270,18
CP007547__BD94_3271,18
CP007547__BD94_3272,18
CP007547__BD94_3273,18
CP007547__BD94_3274,18
CP007547__BD94_3275,18
CP007547__BD94_3276,18
CP007547__BD94_3277,18
CP007547__BD94_3278,18
CP007547__BD94_3279,18
CP007547__BD94_3280,18
CP007547__BD94_3281,18
CP007547__BD94_3282,18
CP007547__BD94_3283,18
CP007547__BD94_3284,18
CP007547__BD94_3285,18
CP007547__BD94_3286,18
CP007547__BD94_3287,18
CP007547__BD94_3288,18
CP007547__BD94_3289,18
CP007547__BD94_3290,18
CP007547__BD94_3291,18
CP007547__BD94_3292,18
CP007547__BD94_3293,18
CP007547__BD94_3294,18
CP007547__BD94_3295,18
CP007547__BD94_3296,18
CP007547__BD94_3297,18
CP007547__BD94_3298,18
CP007547__BD94_3299,18
CP007547__BD94_3300,18
CP007547__BD94_3301,18
CP007547__BD94_3302,18
CP007547__BD94_3303,18
CP007547__BD94_3304,18
CP007547__BD94_3305,18
CP007547__BD94_3306,18
CP007547__BD94_3307,18
CP007547__BD94_3308,18
CP007547__BD94_3311,18
CP007547__BD94_3312,18
CP007547__BD94_3313,18
CP007547__BD94_3314,18
CP007547__BD94_3315,18
CP007547__BD94_3329,18
CP007547__BD94_3330,18
CP007547__BD94_3331,18
CP007547__BD94_3333,18
CP007547__BD94_3334,18
CP007547__BD94_3335,18
CP007547__BD94_3336,18
CP007547__BD94_3337,18
CP007547__BD94_3338,18
CP007547__BD94_3339,18
CP007547__BD94_3340,18
CP007547__BD94_3341,18
CP007547__BD94_3342,18
CP007547__BD94_3343,18
CP007547__BD94_3344,18
CP007547__BD94_3345,18
CP007547__BD94_3346,18
CP007547__BD94_3347,18
CP007547__BD94_3348,18
CP007547__BD94_3349,18
CP007547__BD94_3350,3
CP007547__BD94_3351,18
CP007547__BD94_3352,18
CP007547__BD94_3353,18
CP007547__BD94_3354,18
CP007547__BD94_3355,18
CP007547__BD94_3356,18
CP007547__BD94_3357,18
CP007547__BD94_3358,18
CP007547__BD94_3359,18
CP007547__BD94_3360,18
CP007547__BD94_3361,18
CP007547__BD94_3362,18
CP007547__BD94_3363,18
CP007547__BD94_3364,18
CP007547__BD94_3365,18
CP007547__BD94_3366,18
CP007547__BD94_3367,18
CP007547__BD94_3368,18
CP007547__BD94_3369,18
CP007547__BD94_3370,18
CP007547__BD94_3371,18
CP007547__BD94_3372,18
CP007547__BD94_3373,18
CP007547__BD94_3374,18
CP007547__BD94_3375,18
CP007547__BD94_3376,18
CP007547__BD94_3377,18
CP007547__BD94_3378,18
CP007547__BD94_3379,18
CP007547__BD94_3380,18
CP007547__BD94_3381,18
CP007547__BD94_3382,18
CP007547__BD94_3383,18
CP007547__BD94_3384,18
CP007547__BD94_3385,18
CP007547__BD94_3386,18
CP007547__BD94_3387,18
CP007547__BD94_3388,18
CP007547__BD94_3390,18
CP007547__BD94_3391,18
CP007547__BD94_3392,18
CP007547__BD94_3393,18
CP007547__BD94_3394,18
CP007547__BD94_3395,18
CP007547__BD94_3396,18
CP007547__BD94_3397,18
CP007547__BD94_3398,18
CP007547__BD94_3399,18
CP007547__BD94_3400,18
CP007547__BD94_3401,18
CP007547__BD94_3402,18
CP007547__BD94_3403,18
CP007547__BD94_3404,18
CP007547__BD94_3405,18
CP007547__BD94_3406,18
CP007547__BD94_3407,18
CP007547__BD94_3408,18
CP007547__BD94_3409,18
CP007547__BD94_3410,18
CP007547__BD94_3411,18
CP007547__BD94_3412,18
CP007547__BD94_3413,18
CP007547__BD94_3414,18
CP007547__BD94_3415,18
CP007547__BD94_3416,18
CP007547__BD94_3417,18
CP007547__BD94_3418,18
CP007547__BD94_3419,18
CP007547__BD94_3420,18
CP007547__BD94_3421,18
CP007547__BD94_3422,18
CP007547__BD94_3423,18
CP007547__BD94_3424,18
CP007547__BD94_3425,18
CP007547__BD94_3426,18
CP007547__BD94_3427,18
CP007547__BD94_3428,18
CP007547__BD94_3429,18
CP007547__BD94_3430,18
CP007547__BD94_3431,18
CP007547__BD94_3432,18
CP007547__BD94_3433,18
CP007547__BD94_3434,18
CP007547__BD94_3435,18
CP007547__BD94_3436,18
CP007547__BD94_3437,18
CP007547__BD94_3438,18
CP007547__BD94_3439,18
CP007547__BD94_3440,18
CP007547__BD94_3442,18
CP007547__BD94_3443,18
CP007547__BD94_3444,18
CP007547__BD94_3445,18
CP007547__BD94_3446,18
CP007547__BD94_3447,18
CP007547__BD94_3448,18
CP007547__BD94_3449,18
CP007547__BD94_3450,18
CP007547__BD94_3452,2
CP007547__BD94_3453,18
CP007547__BD94_3454,18
CP007547__BD94_3455,18
CP007547__BD94_3456,18
CP007547__BD94_3457,18
CP007547__BD94_3458,18
CP007547__BD94_3459,18
CP007547__BD94_3460,18
CP007547__BD94_3461,18
CP007547__BD94_3462,18
CP007547__BD94_3463,18
CP007547__BD94_3464,18
CP007547__BD94_3465,18
CP007547__BD94_3466,18
CP007547__BD94_3467,18
CP007547__BD94_3469,18
CP007547__BD94_3470,18
CP007547__BD94_3471,18
CP007547__BD94_3472,18
CP007547__BD94_3473,18
CP007547__BD94_3474,18
CP007547__BD94_3475,18
CP007547__BD94_3476,18
CP007547__BD94_3477,18
CP007547__BD94_3478,18
CP007547__BD94_3479,18
CP007547__BD94_3480,18
CP007547__BD94_3481,18
CP007547__BD94_3482,18
CP007547__BD94_3483,18
CP007547__BD94_3486,18
CP007547__BD94_3509,18
CP007547__BD94_3510,18
CP007547__BD94_3511,18
CP007547__BD94_3512,18
CP007547__BD94_3513,18
CP007547__BD94_3514,18
CP007547__BD94_3515,18
CP007547__BD94_3516,18
CP007547__BD94_3517,18
CP007547__BD94_3518,18
CP007547__BD94_3519,18
CP007547__BD94_3520,18
CP007547__BD94_3521,18
CP007547__BD94_3522,18
CP007547__BD94_3523,18
CP007547__BD94_3524,18
CP007547__BD94_3525,18
CP007547__BD94_3526,18
CP007547__BD94_3527,18
CP007547__BD94_3528,18
CP007547__BD94_3529,18
CP007547__BD94_3530,18
CP007547__BD94_3531,18
CP007547__BD94_3532,18
CP007547__BD94_3533,18
CP007547__BD94_3534,18
CP007547__BD94_3535,18
CP007547__BD94_3536,18
CP007547__BD94_3537,18
CP007547__BD94_3539,18
CP007547__BD94_3540,18
CP007547__BD94_3541,18
CP007547__BD94_3542,18
CP007547__BD94_3543,18
CP007547__BD94_3544,18
CP007547__BD94_3545,18
CP007547__BD94_3546,18
CP007547__BD94_3548,18
CP007547__BD94_3549,18
CP007547__BD94_3550,18
CP007547__BD94_3551,18
CP007547__BD94_3552,18
CP007547__BD94_3553,18
CP007547__BD94_3554,18
CP007547__BD94_3555,18
CP007547__BD94_3556,18
CP007547__BD94_3557,18
CP007547__BD94_3558,18
CP007547__BD94_3559,18
CP007547__BD94_3560,18
CP007547__BD94_3561,18
CP007547__BD94_3562,18
CP007547__BD94_3563,18
CP007547__BD94_3564,18
CP007547__BD94_3565,18
CP007547__BD94_3566,18
CP007547__BD94_3567,18
CP007547__BD94_3568,18
CP007547__BD94_3569,18
CP007547__BD94_3570,18
CP007547__BD94_3571,18
CP007547__BD94_3572,18
CP007547__BD94_3573,18
CP007547__BD94_3574,18
CP007547__BD94_3575,18
CP007547__BD94_3576,18
CP007547__BD94_3577,18
CP007547__BD94_3578,18
CP007547__BD94_3579,18
CP007547__BD94_3580,18
CP007547__BD94_3581,18
CP007547__BD94_3582,18
CP007547__BD94_3583,18
CP007547__BD94_3584,18
CP007547__BD94_3585,18
CP007547__BD94_3586,18
CP007547__BD94_3587,18
CP007547__BD94_3588,18
CP007547__BD94_3589,18
CP007547__BD94_3590,18
CP007547__BD94_3591,18
CP007547__BD94_3592,18
CP007547__BD94_3593,18
CP007547__BD94_3594,18
CP007547__BD94_3595,18
CP007547__BD94_3596,18
CP007547__BD94_3597,18
CP007547__BD94_3598,18
CP007547__BD94_3599,18
CP007547__BD94_3600,18
CP007547__BD94_3601,18
CP007547__BD94_3602,18
CP007547__BD94_3603,18
CP007547__BD94_3604,18
CP007547__BD94_3605,18
CP007547__BD94_3606,18
CP007547__BD94_3607,18
CP007547__BD94_3608,18
CP007547__BD94_3609,18
CP007547__BD94_3610,18
CP007547__BD94_3611,18
CP007547__BD94_3612,18
CP007547__BD94_3613,18
CP007547__BD94_3614,18
CP007547__BD94_3615,18
CP007547__BD94_3616,18
CP007547__BD94_3617,18
CP007547__BD94_3618,18
CP007547__BD94_3619,18
CP007547__BD94_3620,18
CP007547__BD94_3621,18
CP007547__BD94_3622,18
CP007547__BD94_3623,18
CP007547__BD94_3624,18
CP007547__BD94_3625,18
CP007547__BD94_3626,18
CP007547__BD94_3627,18
CP007547__BD94_3628,18
CP007547__BD94_3629,18
CP007547__BD94_3630,18
CP007547__BD94_3631,18
CP007547__BD94_3632,18
CP007547__BD94_3633,18
CP007547__BD94_3634,18
CP007547__BD94_3635,18
CP007547__BD94_3636,18
CP007547__BD94_3637,18
CP007547__BD94_3638,18
CP007547__BD94_3639,18
CP007547__BD94_3640,18
CP007547__BD94_3641,18
CP007547__BD94_3642,18
CP007547__BD94_3643,18
CP007547__BD94_3644,18
CP007547__BD94_3645,18
CP007547__BD94_3646,18
CP007547__BD94_3647,18
CP007547__BD94_3648,18
CP007547__BD94_3649,18
CP007547__BD94_3650,18
CP007547__BD94_3651,18
CP007547__BD94_3652,18
CP007547__BD94_3653,18
CP007547__BD94_3654,18
CP007547__BD94_3655,18
CP007547__BD94_3656,18
CP007547__BD94_3657,18
CP007547__BD94_3658,18
CP007547__BD94_3659,18
CP007547__BD94_3660,18
CP007547__BD94_3661,18
CP007547__BD94_3662,18
CP007547__BD94_3663,18
CP007547__BD94_3664,18
CP007547__BD94_3665,18
CP007547__BD94_3666,18
CP007547__BD94_3667,18
CP007547__BD94_3668,18
CP007547__BD94_3669,18
CP007547__BD94_3670,18
CP007547__BD94_3671,18
CP007547__BD94_3672,18
CP007547__BD94_3673,18
CP007547__BD94_3674,18
CP007547__BD94_3676,18
CP007547__BD94_3677,18
CP007547__BD94_3678,18
CP007547__BD94_3679,18
CP007547__BD94_3680,18
CP007547__BD94_3681,18
CP007547__BD94_3682,18
CP007547__BD94_3683,18
CP007547__BD94_3684,18
CP007547__BD94_3685,18
CP007547__BD94_3686,18
CP007547__BD94_3687,18
CP007547__BD94_3688,18
CP007547__BD94_3689,18
CP007547__BD94_3690,18
CP007547__BD94_3691,18
CP007547__BD94_3692,18
CP007547__BD94_3695,18
CP007547__BD94_3696,18
CP007547__BD94_3697,18
CP007547__BD94_3698,18
CP007547__BD94_3753,18
CP007547__BD94_3754,18
CP007547__BD94_3755,18
CP007547__BD94_3756,18
CP007547__BD94_3757,18
CP007547__BD94_3758,18
CP007547__BD94_3759,18
CP007547__BD94_3760,18
CP007547__BD94_3761,18
CP007547__BD94_3762,18
CP007547__BD94_3763,18
CP007547__BD94_3764,18
CP007547__BD94_3765,18
CP007547__BD94_3766,18
CP007547__BD94_3767,18
CP007547__BD94_3768,18
CP007547__BD94_3769,18
CP007547__BD94_3770,18
CP007547__BD94_3771,18
CP007547__BD94_3772,18
CP007547__BD94_3773,18
CP007547__BD94_3774,18
CP007547__BD94_3775,18
CP007547__BD94_3776,18
CP007547__BD94_3777,18
CP007547__BD94_3778,18
CP007547__BD94_3779,18
CP007547__BD94_3780,18
CP007547__BD94_3781,18
CP007547__BD94_3782,18
CP007547__BD94_3783,18
CP007547__BD94_3784,18
CP007547__BD94_3788,18
CP007547__BD94_3789,18
CP007547__BD94_3790,18
CP007547__BD94_3791,18
CP007547__BD94_3792,18
CP007547__BD94_3793,18
CP007547__BD94_3794,18
CP007547__BD94_3795,18
CP007547__BD94_3796,18
CP007547__BD94_3797,18
CP007547__BD94_3798,18
CP007547__BD94_3799,18
CP007547__BD94_3800,18
CP007547__BD94_3801,18
CP007547__BD94_3802,18
CP007547__BD94_3803,18
CP007547__BD94_3804,18
CP007547__BD94_3805,18
CP007547__BD94_3806,18
CP007547__BD94_3807,18
CP007547__BD94_3808,18
CP007547__BD94_3810,18
CP007547__BD94_3811,18
CP007547__BD94_3812,18
CP007547__BD94_3813,18
CP007547__BD94_3814,18
CP007547__BD94_3815,18
CP007547__BD94_3816,18
CP007547__BD94_3817,18
CP007547__BD94_3818,18
CP007547__BD94_3819,18
CP007547__BD94_3820,18
CP007547__BD94_3821,18
CP007547__BD94_3822,18
CP007547__BD94_3823,18
CP007547__BD94_3824,18
CP007547__BD94_3825,18
CP007547__BD94_3826,18
CP007547__BD94_3827,18
CP007547__BD94_3828,18
CP007547__BD94_3829,18
CP007547__BD94_3830,18
CP007547__BD94_3831,18
CP007547__BD94_3832,18
CP007547__BD94_3833,18
CP007547__BD94_3834,18
CP007547__BD94_3835,18
CP007547__BD94_3836,18
CP007547__BD94_3837,18
CP007547__BD94_3838,18
CP007547__BD94_3839,18
CP007547__BD94_3840,18
CP007547__BD94_3841,18
CP007547__BD94_3842,18
CP007547__BD94_3843,18
CP007547__BD94_3845,18
CP007547__BD94_3846,18
CP007547__BD94_3847,18
CP007547__BD94_3848,18
CP007547__BD94_3849,18
CP007547__BD94_3850,18
CP007547__BD94_3851,18
CP007547__BD94_3852,18
CP007547__BD94_3853,18
CP007547__BD94_3854,18
CP007547__BD94_3855,18
CP007547__BD94_3856,18
CP007547__BD94_3857,18
CP007547__BD94_3858,18
CP007547__BD94_3859,18
CP007547__BD94_3860,18
CP007547__BD94_3861,18
CP007547__BD94_3862,18
CP007547__BD94_3863,18
CP007547__BD94_3864,18
CP007547__BD94_3865,18
CP007547__BD94_3866,18
CP007547__BD94_3867,18
CP007547__BD94_3868,18
CP007547__BD94_3869,18
CP007547__BD94_3870,18
CP007547__BD94_3871,18
CP007547__BD94_3872,18
CP007547__BD94_3873,18
CP007547__BD94_3874,18
CP007547__BD94_3875,18
CP007547__BD94_3876,18
CP007547__BD94_3877,18
CP007547__BD94_3878,18
CP007547__BD94_3879,18
CP007547__BD94_3880,18
CP007547__BD94_3881,18
CP007547__BD94_3882,18
CP007547__BD94_3883,18
CP007547__BD94_3884,18
CP007547__BD94_3885,18
CP007547__BD94_3886,18
CP007547__BD94_3887,18
CP007547__BD94_3888,18
CP007547__BD94_3889,18
CP007547__BD94_3890,18
CP007547__BD94_3891,18
CP007547__BD94_3892,18
CP007547__BD94_3893,18
CP007547__BD94_3894,18
CP007547__BD94_3895,18
CP007547__BD94_3896,18
CP007547__BD94_3897,18
CP007547__BD94_3898,18
CP007547__BD94_3899,18
CP007547__BD94_3900,18
CP007547__BD94_3901,18
CP007547__BD94_3902,18
CP007547__BD94_3903,18
CP007547__BD94_3904,18
CP007547__BD94_3905,18
CP007547__BD94_3906,18
CP007547__BD94_3907,18
CP007547__BD94_3908,18
CP007547__BD94_3909,18
CP007547__BD94_3910,18
CP007547__BD94_3911,18
CP007547__BD94_3912,18
CP007547__BD94_3913,18
CP007547__BD94_3914,18
CP007547__BD94_3915,18
CP007547__BD94_3916,18
CP007547__BD94_3917,18
CP007547__BD94_3918,18
CP007547__BD94_3919,18
CP007547__BD94_3920,18
CP007547__BD94_3921,18
CP007547__BD94_3922,18
CP007547__BD94_3923,18
CP007547__BD94_3924,18
CP007547__BD94_3925,18
CP007547__BD94_3926,18
CP007547__BD94_3927,18
CP007547__BD94_3928,18
CP007547__BD94_3929,18
CP007547__BD94_3930,18
CP007547__BD94_3931,18
CP007547__BD94_3932,18
CP007547__BD94_3933,18
CP007547__BD94_3934,18
CP007547__BD94_3935,18
CP007547__BD94_3936,18
CP007547__BD94_3937,18
CP007547__BD94_3938,18
CP007547__BD94_3939,18
CP007547__BD94_3940,18
CP007547__BD94_3941,18
CP007547__BD94_3942,18
CP007547__BD94_3943,18
CP007547__BD94_3944,18
CP007547__BD94_3945,18
CP007547__BD94_3946,18
CP007547__BD94_3947,18
CP007547__BD94_3948,18
CP007547__BD94_3949,18
CP007547__BD94_3950,18
CP007547__BD94_3951,18
CP007547__BD94_3952,18
CP007547__BD94_3953,18
CP007547__BD94_3954,18
CP007547__BD94_3955,18
CP007547__BD94_3956,18
CP007547__BD94_3957,18
CP007547__BD94_3958,18
CP007547__BD94_3959,18
CP007547__BD94_3960,18
CP007547__BD94_3961,18
CP007547__BD94_3962,18
CP007547__BD94_3963,18
CP007547__BD94_3964,18
CP007547__BD94_3965,18
CP007547__BD94_3966,18
CP007547__BD94_3967,18
CP007547__BD94_3968,18
CP007547__BD94_3969,18
CP007547__BD94_3970,18
CP007547__BD94_3971,18
CP007547__BD94_3972,18
CP007547__BD94_3973,18
CP007547__BD94_3974,18
CP007547__BD94_3975,18
CP007547__BD94_3976,18
CP007547__BD94_3977,18
CP007547__BD94_3978,18
CP007547__BD94_3979,18
CP007547__BD94_3980,18
CP007547__BD94_3981,18
CP007547__BD94_3982,18
CP007547__BD94_3983,18
CP007547__BD94_3984,18
CP007547__BD94_3985,18
CP007547__BD94_3990,18
CP007547__BD94_3991,18
CP007547__BD94_3992,18
CP007547__BD94_3993,18
CP007547__BD94_3994,18
CP007547__BD94_3995,18
CP007547__BD94_3996,18
CP007547__BD94_3997,18
CP007547__BD94_3998,18
CP007547__BD94_3999,18
CP007547__BD94_4000,18
CP007547__BD94_4001,18
CP007547__BD94_4002,18
CP007547__BD94_4003,18
CP007547__BD94_4004,18
CP007547__BD94_4005,18
CP007547__BD94_4006,18
CP007547__BD94_4007,18
CP007547__BD94_4008,18
CP007547__BD94_4009,18
CP007547__BD94_4010,18
CP007547__BD94_4011,18
CP007547__BD94_4012,18
CP007547__BD94_4013,18
CP007547__BD94_4014,18
CP007547__BD94_4015,18
CP007547__BD94_4016,18
CP007547__BD94_4017,18
CP007547__BD94_4018,18
CP007547__BD94_4019,18
CP007547__BD94_4020,18
CP007547__BD94_4021,18
CP007547__BD94_4035,18
CP007547__BD94_4036,18
CP007547__BD94_4037,18
CP007547__BD94_4038,18
CP007547__BD94_4039,18
CP007547__BD94_4041,18
CP007547__BD94_4042,18
CP007547__BD94_4052,18
CP007547__BD94_4053,18
CP007547__BD94_4054,18
CP007547__BD94_4055,18
CP007547__BD94_4056,18
CP007547__BD94_4057,18
CP007547__BD94_4058,18
CP007547__BD94_4059,18
CP007547__BD94_4060,18
CP007547__BD94_4061,18
CP007547__BD94_4062,18
CP007547__BD94_4063,18
CP007547__BD94_4064,18
CP007547__BD94_4065,18
CP007547__BD94_4066,18
CP007547__BD94_4067,18
CP007547__BD94_4068,18
CP007547__BD94_4069,18
CP007547__BD94_4070,18
CP007547__BD94_4071,18
CP007547__BD94_4072,18
CP007547__BD94_4073,18
CP007547__BD94_4074,18
CP007547__BD94_4075,18
CP007547__BD94_4076,18
